x-axis,1,2
second,Volt,Volt
-100.000E-06,+1.133667388E+00,+553.470793E-03
-99.900E-06,+1.136123438E+00,+552.343306E-03
-99.800E-06,+1.137693760E+00,+552.984008E-03
-99.700E-06,+1.139452596E+00,+552.314975E-03
-99.600E-06,+1.141173838E+00,+551.250325E-03
-99.500E-06,+1.144298651E+00,+552.622779E-03
-99.400E-06,+1.146936860E+00,+552.635250E-03
-99.300E-06,+1.148708318E+00,+552.968450E-03
-99.200E-06,+1.150165465E+00,+552.346605E-03
-99.100E-06,+1.152473833E+00,+552.484330E-03
-99.000E-06,+1.153987824E+00,+551.790746E-03
-98.900E-06,+1.156613049E+00,+553.247591E-03
-98.800E-06,+1.158676723E+00,+550.751190E-03
-98.700E-06,+1.161101746E+00,+551.545448E-03
-98.600E-06,+1.161924517E+00,+552.029025E-03
-98.500E-06,+1.163598238E+00,+551.256561E-03
-98.400E-06,+1.168064025E+00,+552.509333E-03
-98.300E-06,+1.169386383E+00,+551.903439E-03
-98.200E-06,+1.170872313E+00,+551.878587E-03
-98.100E-06,+1.171748418E+00,+552.528582E-03
-98.000E-06,+1.174591092E+00,+552.167594E-03
-97.900E-06,+1.176217715E+00,+551.649692E-03
-97.800E-06,+1.178350070E+00,+552.337583E-03
-97.700E-06,+1.180523349E+00,+551.593180E-03
-97.600E-06,+1.181365338E+00,+552.895987E-03
-97.500E-06,+1.184939312E+00,+554.647954E-03
-97.400E-06,+1.186930704E+00,+553.477451E-03
-97.300E-06,+1.188724408E+00,+554.438911E-03
-97.200E-06,+1.190297818E+00,+553.091038E-03
-97.100E-06,+1.192213206E+00,+553.706346E-03
-97.000E-06,+1.193341297E+00,+554.899126E-03
-96.900E-06,+1.195670857E+00,+553.853847E-03
-96.800E-06,+1.197301683E+00,+554.878176E-03
-96.700E-06,+1.198117645E+00,+555.437152E-03
-96.600E-06,+1.201007990E+00,+556.310440E-03
-96.500E-06,+1.202088500E+00,+555.684905E-03
-96.400E-06,+1.204223943E+00,+555.619642E-03
-96.300E-06,+1.207140871E+00,+557.490447E-03
-96.200E-06,+1.209421843E+00,+556.615187E-03
-96.100E-06,+1.210020748E+00,+557.183246E-03
-96.000E-06,+1.210818576E+00,+557.160879E-03
-95.900E-06,+1.212974083E+00,+557.877101E-03
-95.800E-06,+1.214926252E+00,+558.790740E-03
-95.700E-06,+1.215061704E+00,+558.351083E-03
-95.600E-06,+1.218407717E+00,+558.505182E-03
-95.500E-06,+1.219975493E+00,+559.706067E-03
-95.400E-06,+1.221787603E+00,+559.677434E-03
-95.300E-06,+1.223071674E+00,+559.780863E-03
-95.200E-06,+1.225384831E+00,+560.550691E-03
-95.100E-06,+1.226820062E+00,+561.039298E-03
-95.000E-06,+1.230243357E+00,+561.086758E-03
-94.900E-06,+1.230077993E+00,+563.676107E-03
-94.800E-06,+1.231393392E+00,+561.730216E-03
-94.700E-06,+1.233479584E+00,+564.234240E-03
-94.600E-06,+1.234505824E+00,+563.658649E-03
-94.500E-06,+1.235945591E+00,+564.636060E-03
-94.400E-06,+1.237195275E+00,+565.641019E-03
-94.300E-06,+1.239324000E+00,+567.171985E-03
-94.200E-06,+1.240509790E+00,+567.804824E-03
-94.100E-06,+1.242887130E+00,+567.512096E-03
-94.000E-06,+1.245823429E+00,+568.561729E-03
-93.900E-06,+1.246008976E+00,+569.891347E-03
-93.800E-06,+1.246838525E+00,+570.214108E-03
-93.700E-06,+1.250261952E+00,+571.304797E-03
-93.600E-06,+1.251776606E+00,+572.762383E-03
-93.500E-06,+1.252919350E+00,+572.301114E-03
-93.400E-06,+1.253746143E+00,+573.848314E-03
-93.300E-06,+1.254753828E+00,+574.459630E-03
-93.200E-06,+1.257149525E+00,+575.634246E-03
-93.100E-06,+1.258364569E+00,+576.496872E-03
-93.000E-06,+1.259750591E+00,+577.247269E-03
-92.900E-06,+1.260330446E+00,+577.132768E-03
-92.800E-06,+1.263745123E+00,+578.416446E-03
-92.700E-06,+1.263353228E+00,+579.076156E-03
-92.600E-06,+1.267537269E+00,+579.168743E-03
-92.500E-06,+1.268247527E+00,+580.166501E-03
-92.400E-06,+1.269395663E+00,+580.798604E-03
-92.300E-06,+1.271280266E+00,+582.271973E-03
-92.200E-06,+1.272830512E+00,+584.541830E-03
-92.100E-06,+1.273705742E+00,+584.862601E-03
-92.000E-06,+1.274718021E+00,+584.925710E-03
-91.900E-06,+1.276218908E+00,+586.536413E-03
-91.800E-06,+1.278590748E+00,+588.046501E-03
-91.700E-06,+1.279036851E+00,+590.062491E-03
-91.600E-06,+1.279291170E+00,+590.200307E-03
-91.500E-06,+1.282867839E+00,+591.146299E-03
-91.400E-06,+1.283885028E+00,+593.203418E-03
-91.300E-06,+1.284165303E+00,+594.070772E-03
-91.200E-06,+1.288103545E+00,+594.209070E-03
-91.100E-06,+1.288702149E+00,+594.655053E-03
-91.000E-06,+1.289243655E+00,+596.295262E-03
-90.900E-06,+1.291834313E+00,+597.371327E-03
-90.800E-06,+1.292942882E+00,+597.982763E-03
-90.700E-06,+1.293498349E+00,+599.082220E-03
-90.600E-06,+1.295389399E+00,+599.207191E-03
-90.500E-06,+1.295712672E+00,+602.123957E-03
-90.400E-06,+1.296752831E+00,+602.169499E-03
-90.300E-06,+1.298004716E+00,+603.300394E-03
-90.200E-06,+1.299260979E+00,+605.368132E-03
-90.100E-06,+1.300975684E+00,+607.338707E-03
-90.000E-06,+1.300755346E+00,+607.100597E-03
-89.900E-06,+1.302600739E+00,+609.564976E-03
-89.800E-06,+1.307176782E+00,+610.578082E-03
-89.700E-06,+1.307996766E+00,+613.355705E-03
-89.600E-06,+1.309494896E+00,+614.991771E-03
-89.500E-06,+1.309545517E+00,+613.915405E-03
-89.400E-06,+1.310158508E+00,+616.389529E-03
-89.300E-06,+1.312751591E+00,+616.224931E-03
-89.200E-06,+1.313084127E+00,+617.619662E-03
-89.100E-06,+1.313777048E+00,+619.067395E-03
-89.000E-06,+1.314808125E+00,+620.508711E-03
-88.900E-06,+1.315711716E+00,+621.586103E-03
-88.800E-06,+1.316220778E+00,+624.123789E-03
-88.700E-06,+1.316953386E+00,+625.379244E-03
-88.600E-06,+1.318053024E+00,+626.376472E-03
-88.500E-06,+1.319455980E+00,+629.035980E-03
-88.400E-06,+1.321603804E+00,+630.182476E-03
-88.300E-06,+1.323103894E+00,+632.104691E-03
-88.200E-06,+1.324583902E+00,+633.616119E-03
-88.100E-06,+1.324350050E+00,+635.509683E-03
-88.000E-06,+1.326821376E+00,+636.258000E-03
-87.900E-06,+1.328839833E+00,+637.894730E-03
-87.800E-06,+1.329397500E+00,+639.005742E-03
-87.700E-06,+1.329691429E+00,+641.015207E-03
-87.600E-06,+1.331323823E+00,+642.140330E-03
-87.500E-06,+1.332943516E+00,+644.864511E-03
-87.400E-06,+1.331878704E+00,+645.687420E-03
-87.300E-06,+1.333755401E+00,+648.149060E-03
-87.200E-06,+1.333904072E+00,+649.285986E-03
-87.100E-06,+1.334695514E+00,+652.374531E-03
-87.000E-06,+1.335220466E+00,+653.220633E-03
-86.900E-06,+1.335362576E+00,+653.882243E-03
-86.800E-06,+1.335563893E+00,+655.843615E-03
-86.700E-06,+1.335933209E+00,+657.253736E-03
-86.600E-06,+1.337017638E+00,+658.492939E-03
-86.500E-06,+1.337402706E+00,+658.983866E-03
-86.400E-06,+1.338423863E+00,+660.425786E-03
-86.300E-06,+1.339120969E+00,+660.258842E-03
-86.200E-06,+1.340360413E+00,+665.537896E-03
-86.100E-06,+1.341215670E+00,+664.558314E-03
-86.000E-06,+1.342351937E+00,+669.296054E-03
-85.900E-06,+1.343362227E+00,+669.950313E-03
-85.800E-06,+1.344314141E+00,+672.735124E-03
-85.700E-06,+1.344717379E+00,+674.047574E-03
-85.600E-06,+1.346256035E+00,+674.734585E-03
-85.500E-06,+1.346134230E+00,+676.067804E-03
-85.400E-06,+1.348015323E+00,+678.168228E-03
-85.300E-06,+1.348742636E+00,+679.504311E-03
-85.200E-06,+1.349754855E+00,+681.505068E-03
-85.100E-06,+1.350375928E+00,+684.675744E-03
-85.000E-06,+1.352101868E+00,+686.325988E-03
-84.900E-06,+1.351557925E+00,+690.223988E-03
-84.800E-06,+1.351971222E+00,+691.265468E-03
-84.700E-06,+1.352515858E+00,+693.642235E-03
-84.600E-06,+1.352088540E+00,+695.251942E-03
-84.500E-06,+1.353205365E+00,+696.361585E-03
-84.400E-06,+1.354265190E+00,+698.541335E-03
-84.300E-06,+1.354375748E+00,+699.772101E-03
-84.200E-06,+1.355056240E+00,+702.876916E-03
-84.100E-06,+1.355023211E+00,+703.630703E-03
-84.000E-06,+1.356214935E+00,+707.335594E-03
-83.900E-06,+1.356536013E+00,+709.316384E-03
-83.800E-06,+1.357324337E+00,+710.531078E-03
-83.700E-06,+1.357031669E+00,+713.102547E-03
-83.600E-06,+1.357465089E+00,+715.037409E-03
-83.500E-06,+1.357960926E+00,+717.373180E-03
-83.400E-06,+1.359427160E+00,+719.026959E-03
-83.300E-06,+1.358784076E+00,+721.175862E-03
-83.200E-06,+1.360229125E+00,+722.115426E-03
-83.100E-06,+1.362411058E+00,+724.760926E-03
-83.000E-06,+1.361766104E+00,+725.722881E-03
-82.900E-06,+1.361351402E+00,+728.537206E-03
-82.800E-06,+1.362394571E+00,+732.870116E-03
-82.700E-06,+1.362123202E+00,+733.630747E-03
-82.600E-06,+1.363271230E+00,+735.615059E-03
-82.500E-06,+1.363960104E+00,+737.675796E-03
-82.400E-06,+1.363653337E+00,+740.451176E-03
-82.300E-06,+1.365909512E+00,+742.280678E-03
-82.200E-06,+1.364598322E+00,+744.514793E-03
-82.100E-06,+1.367187153E+00,+747.807984E-03
-82.000E-06,+1.366813603E+00,+749.362765E-03
-81.900E-06,+1.365856068E+00,+751.310339E-03
-81.800E-06,+1.365792392E+00,+753.252039E-03
-81.700E-06,+1.366388830E+00,+755.784165E-03
-81.600E-06,+1.368115355E+00,+757.802743E-03
-81.500E-06,+1.368443537E+00,+760.164059E-03
-81.400E-06,+1.368922904E+00,+760.665245E-03
-81.300E-06,+1.367936971E+00,+763.746095E-03
-81.200E-06,+1.369044950E+00,+765.879030E-03
-81.100E-06,+1.368808945E+00,+769.540682E-03
-81.000E-06,+1.369170518E+00,+771.322482E-03
-80.900E-06,+1.369247033E+00,+774.507830E-03
-80.800E-06,+1.370306007E+00,+775.928775E-03
-80.700E-06,+1.370269842E+00,+779.190825E-03
-80.600E-06,+1.370304862E+00,+779.584004E-03
-80.500E-06,+1.370664402E+00,+782.366204E-03
-80.400E-06,+1.371598134E+00,+784.222669E-03
-80.300E-06,+1.371045321E+00,+786.294706E-03
-80.200E-06,+1.370681770E+00,+789.795488E-03
-80.100E-06,+1.371026054E+00,+792.973339E-03
-80.000E-06,+1.370947777E+00,+794.284474E-03
-79.900E-06,+1.371460198E+00,+796.875313E-03
-79.800E-06,+1.370717507E+00,+798.792360E-03
-79.700E-06,+1.371527342E+00,+800.232278E-03
-79.600E-06,+1.371375656E+00,+803.220330E-03
-79.500E-06,+1.371042004E+00,+805.843505E-03
-79.400E-06,+1.370650411E+00,+808.174500E-03
-79.300E-06,+1.371441021E+00,+810.259993E-03
-79.200E-06,+1.370803816E+00,+812.426692E-03
-79.100E-06,+1.370874428E+00,+815.906348E-03
-79.000E-06,+1.370708184E+00,+817.649547E-03
-78.900E-06,+1.371200065E+00,+820.137741E-03
-78.800E-06,+1.370574559E+00,+821.470857E-03
-78.700E-06,+1.371605998E+00,+824.030349E-03
-78.600E-06,+1.370544323E+00,+826.650171E-03
-78.500E-06,+1.371436160E+00,+829.968848E-03
-78.400E-06,+1.370956437E+00,+832.914886E-03
-78.300E-06,+1.370263124E+00,+834.728642E-03
-78.200E-06,+1.371598159E+00,+837.775366E-03
-78.100E-06,+1.370208385E+00,+838.887975E-03
-78.000E-06,+1.371153539E+00,+841.673999E-03
-77.900E-06,+1.369775254E+00,+843.638314E-03
-77.800E-06,+1.369843079E+00,+848.149903E-03
-77.700E-06,+1.369467371E+00,+849.391910E-03
-77.600E-06,+1.370162360E+00,+853.630696E-03
-77.500E-06,+1.370858164E+00,+857.484921E-03
-77.400E-06,+1.368848704E+00,+858.125845E-03
-77.300E-06,+1.367711387E+00,+859.374233E-03
-77.200E-06,+1.368921348E+00,+862.445387E-03
-77.100E-06,+1.367963765E+00,+864.293583E-03
-77.000E-06,+1.368208467E+00,+869.046183E-03
-76.900E-06,+1.367366374E+00,+871.122303E-03
-76.800E-06,+1.366846337E+00,+873.842449E-03
-76.700E-06,+1.367684907E+00,+875.165646E-03
-76.600E-06,+1.365354189E+00,+877.872572E-03
-76.500E-06,+1.364134477E+00,+879.886374E-03
-76.400E-06,+1.364491967E+00,+882.031749E-03
-76.300E-06,+1.363913211E+00,+884.861560E-03
-76.200E-06,+1.363185693E+00,+888.415422E-03
-76.100E-06,+1.364597580E+00,+891.548967E-03
-76.000E-06,+1.362486814E+00,+894.884439E-03
-75.900E-06,+1.361656988E+00,+896.034710E-03
-75.800E-06,+1.360953526E+00,+899.275032E-03
-75.700E-06,+1.360612360E+00,+900.722547E-03
-75.600E-06,+1.361255716E+00,+903.249565E-03
-75.500E-06,+1.360553876E+00,+905.592833E-03
-75.400E-06,+1.359702334E+00,+910.526661E-03
-75.300E-06,+1.358941980E+00,+912.080785E-03
-75.200E-06,+1.357615997E+00,+914.414645E-03
-75.100E-06,+1.357549433E+00,+917.003205E-03
-75.000E-06,+1.357441004E+00,+919.055312E-03
-74.900E-06,+1.356387348E+00,+922.258251E-03
-74.800E-06,+1.355281505E+00,+923.866619E-03
-74.700E-06,+1.355543085E+00,+926.994085E-03
-74.600E-06,+1.354594506E+00,+930.376584E-03
-74.500E-06,+1.355184587E+00,+931.335595E-03
-74.400E-06,+1.353797027E+00,+933.991986E-03
-74.300E-06,+1.353746564E+00,+936.916368E-03
-74.200E-06,+1.353514172E+00,+939.498421E-03
-74.100E-06,+1.352824115E+00,+942.748705E-03
-74.000E-06,+1.353182781E+00,+944.657353E-03
-73.900E-06,+1.351391012E+00,+947.198175E-03
-73.800E-06,+1.351599223E+00,+950.214866E-03
-73.700E-06,+1.349736842E+00,+952.672099E-03
-73.600E-06,+1.349010229E+00,+954.981511E-03
-73.500E-06,+1.349139186E+00,+957.695674E-03
-73.400E-06,+1.347609998E+00,+960.462316E-03
-73.300E-06,+1.346756069E+00,+963.804590E-03
-73.200E-06,+1.344534726E+00,+964.990658E-03
-73.100E-06,+1.344655409E+00,+968.778136E-03
-73.000E-06,+1.343290711E+00,+969.595371E-03
-72.900E-06,+1.342546808E+00,+972.934382E-03
-72.800E-06,+1.341128245E+00,+974.955685E-03
-72.700E-06,+1.340431802E+00,+977.671556E-03
-72.600E-06,+1.338272485E+00,+979.386549E-03
-72.500E-06,+1.337816431E+00,+981.235271E-03
-72.400E-06,+1.338746279E+00,+983.521894E-03
-72.300E-06,+1.337424669E+00,+985.912652E-03
-72.200E-06,+1.336141377E+00,+989.663428E-03
-72.100E-06,+1.335685849E+00,+992.292688E-03
-72.000E-06,+1.335550457E+00,+994.430628E-03
-71.900E-06,+1.333808717E+00,+997.623906E-03
-71.800E-06,+1.333730200E+00,+1.000202177E+00
-71.700E-06,+1.333172520E+00,+1.003956367E+00
-71.600E-06,+1.332936461E+00,+1.006428646E+00
-71.500E-06,+1.332397119E+00,+1.008722638E+00
-71.400E-06,+1.330643542E+00,+1.013486147E+00
-71.300E-06,+1.329877223E+00,+1.014847775E+00
-71.200E-06,+1.330355318E+00,+1.018005949E+00
-71.100E-06,+1.328344587E+00,+1.020742203E+00
-71.000E-06,+1.326575691E+00,+1.022561754E+00
-70.900E-06,+1.325930852E+00,+1.024428019E+00
-70.800E-06,+1.322948251E+00,+1.028253785E+00
-70.700E-06,+1.322325599E+00,+1.030484372E+00
-70.600E-06,+1.321270979E+00,+1.033597986E+00
-70.500E-06,+1.319631287E+00,+1.036420682E+00
-70.400E-06,+1.319239423E+00,+1.037090379E+00
-70.300E-06,+1.318440347E+00,+1.039756135E+00
-70.200E-06,+1.315961803E+00,+1.041527865E+00
-70.100E-06,+1.316233701E+00,+1.043718752E+00
-70.000E-06,+1.315119361E+00,+1.046168290E+00
-69.900E-06,+1.314233439E+00,+1.048714690E+00
-69.800E-06,+1.314014457E+00,+1.051450497E+00
-69.700E-06,+1.312941004E+00,+1.054495388E+00
-69.600E-06,+1.311566096E+00,+1.056226285E+00
-69.500E-06,+1.310542244E+00,+1.059293482E+00
-69.400E-06,+1.308468595E+00,+1.062076135E+00
-69.300E-06,+1.307773932E+00,+1.063514936E+00
-69.200E-06,+1.306849831E+00,+1.066578834E+00
-69.100E-06,+1.304853241E+00,+1.069122617E+00
-69.000E-06,+1.302986826E+00,+1.072449610E+00
-68.900E-06,+1.301959639E+00,+1.075827440E+00
-68.800E-06,+1.300058096E+00,+1.077336226E+00
-68.700E-06,+1.297888990E+00,+1.079962501E+00
-68.600E-06,+1.297810575E+00,+1.080919511E+00
-68.500E-06,+1.296279210E+00,+1.083930545E+00
-68.400E-06,+1.295142846E+00,+1.087163782E+00
-68.300E-06,+1.293820898E+00,+1.089240095E+00
-68.200E-06,+1.292773436E+00,+1.093043579E+00
-68.100E-06,+1.291859684E+00,+1.095542435E+00
-68.000E-06,+1.290689174E+00,+1.098409743E+00
-67.900E-06,+1.289491799E+00,+1.099910522E+00
-67.800E-06,+1.288789519E+00,+1.102299271E+00
-67.700E-06,+1.285418341E+00,+1.105107873E+00
-67.600E-06,+1.282615251E+00,+1.108114251E+00
-67.500E-06,+1.283236336E+00,+1.110871456E+00
-67.400E-06,+1.279800787E+00,+1.113761295E+00
-67.300E-06,+1.278759241E+00,+1.115980647E+00
-67.200E-06,+1.277713799E+00,+1.118885827E+00
-67.100E-06,+1.276006054E+00,+1.120752888E+00
-67.000E-06,+1.274821928E+00,+1.123929287E+00
-66.900E-06,+1.274107032E+00,+1.127684707E+00
-66.800E-06,+1.273069514E+00,+1.129497522E+00
-66.700E-06,+1.271911187E+00,+1.132004367E+00
-66.600E-06,+1.269134300E+00,+1.134623828E+00
-66.500E-06,+1.268409628E+00,+1.137183411E+00
-66.400E-06,+1.266659971E+00,+1.139248972E+00
-66.300E-06,+1.265409738E+00,+1.140201019E+00
-66.200E-06,+1.263451086E+00,+1.142046658E+00
-66.100E-06,+1.261997220E+00,+1.145715962E+00
-66.000E-06,+1.258177707E+00,+1.147202213E+00
-65.900E-06,+1.257533181E+00,+1.150030781E+00
-65.800E-06,+1.256525014E+00,+1.153591530E+00
-65.700E-06,+1.254221729E+00,+1.156329164E+00
-65.600E-06,+1.253728956E+00,+1.158172362E+00
-65.500E-06,+1.252968258E+00,+1.160345706E+00
-65.400E-06,+1.252122578E+00,+1.162658574E+00
-65.300E-06,+1.250291346E+00,+1.164501567E+00
-65.200E-06,+1.248668226E+00,+1.167058309E+00
-65.100E-06,+1.246747543E+00,+1.169454248E+00
-65.000E-06,+1.244600497E+00,+1.171798480E+00
-64.900E-06,+1.242372147E+00,+1.175588358E+00
-64.800E-06,+1.239798464E+00,+1.177566519E+00
-64.700E-06,+1.238727912E+00,+1.178912614E+00
-64.600E-06,+1.237165581E+00,+1.180326515E+00
-64.500E-06,+1.236255470E+00,+1.183012956E+00
-64.400E-06,+1.234380462E+00,+1.184463114E+00
-64.300E-06,+1.233003533E+00,+1.187807160E+00
-64.200E-06,+1.232407101E+00,+1.188822782E+00
-64.100E-06,+1.230431919E+00,+1.193010615E+00
-64.000E-06,+1.227943491E+00,+1.194515874E+00
-63.900E-06,+1.225669321E+00,+1.197017418E+00
-63.800E-06,+1.225156334E+00,+1.199730997E+00
-63.700E-06,+1.221046517E+00,+1.201063028E+00
-63.600E-06,+1.220109173E+00,+1.202659100E+00
-63.500E-06,+1.217419088E+00,+1.205675442E+00
-63.400E-06,+1.215848852E+00,+1.208247695E+00
-63.300E-06,+1.215168643E+00,+1.211952856E+00
-63.200E-06,+1.214098585E+00,+1.214206155E+00
-63.100E-06,+1.213563248E+00,+1.215482565E+00
-63.000E-06,+1.211138194E+00,+1.218091653E+00
-62.900E-06,+1.209991422E+00,+1.220194568E+00
-62.800E-06,+1.208649441E+00,+1.221150704E+00
-62.700E-06,+1.205792310E+00,+1.222889748E+00
-62.600E-06,+1.204268147E+00,+1.224718514E+00
-62.500E-06,+1.201108568E+00,+1.226065108E+00
-62.400E-06,+1.200255777E+00,+1.231083431E+00
-62.300E-06,+1.196414097E+00,+1.233500248E+00
-62.200E-06,+1.196360895E+00,+1.235184799E+00
-62.100E-06,+1.194047412E+00,+1.238165223E+00
-62.000E-06,+1.192504801E+00,+1.238381997E+00
-61.900E-06,+1.191259695E+00,+1.241209939E+00
-61.800E-06,+1.190375009E+00,+1.243066012E+00
-61.700E-06,+1.187379791E+00,+1.246093551E+00
-61.600E-06,+1.184924755E+00,+1.248844471E+00
-61.500E-06,+1.184011091E+00,+1.251705110E+00
-61.400E-06,+1.179852482E+00,+1.252496119E+00
-61.300E-06,+1.178234097E+00,+1.255023606E+00
-61.200E-06,+1.178457365E+00,+1.257953910E+00
-61.100E-06,+1.174585085E+00,+1.259669700E+00
-61.000E-06,+1.173166438E+00,+1.260873727E+00
-60.900E-06,+1.172722338E+00,+1.261490416E+00
-60.800E-06,+1.169616792E+00,+1.263595501E+00
-60.700E-06,+1.168800427E+00,+1.266529237E+00
-60.600E-06,+1.165856933E+00,+1.270063493E+00
-60.500E-06,+1.164059393E+00,+1.271579800E+00
-60.400E-06,+1.160405702E+00,+1.273920384E+00
-60.300E-06,+1.158817030E+00,+1.276476017E+00
-60.200E-06,+1.156029499E+00,+1.277744323E+00
-60.100E-06,+1.154959205E+00,+1.279496833E+00
-60.000E-06,+1.153838689E+00,+1.279996921E+00
-59.900E-06,+1.151442558E+00,+1.281914686E+00
-59.800E-06,+1.149067690E+00,+1.283468846E+00
-59.700E-06,+1.146813102E+00,+1.285362012E+00
-59.600E-06,+1.144434259E+00,+1.288096824E+00
-59.500E-06,+1.143555719E+00,+1.289742419E+00
-59.400E-06,+1.139046518E+00,+1.291453034E+00
-59.300E-06,+1.138075168E+00,+1.295183646E+00
-59.200E-06,+1.135232023E+00,+1.295297502E+00
-59.100E-06,+1.135348389E+00,+1.298510940E+00
-59.000E-06,+1.132281028E+00,+1.299279924E+00
-58.900E-06,+1.130746371E+00,+1.300821685E+00
-58.800E-06,+1.128267187E+00,+1.302443278E+00
-58.700E-06,+1.125388341E+00,+1.304957722E+00
-58.600E-06,+1.123978173E+00,+1.305912175E+00
-58.500E-06,+1.121645000E+00,+1.307582104E+00
-58.400E-06,+1.118882371E+00,+1.308564635E+00
-58.300E-06,+1.116382085E+00,+1.312803704E+00
-58.200E-06,+1.114301538E+00,+1.313669038E+00
-58.100E-06,+1.111813689E+00,+1.315868658E+00
-58.000E-06,+1.111652069E+00,+1.318604416E+00
-57.900E-06,+1.108920864E+00,+1.318906233E+00
-57.800E-06,+1.107684435E+00,+1.319458667E+00
-57.700E-06,+1.103542270E+00,+1.320664527E+00
-57.600E-06,+1.102574496E+00,+1.322249418E+00
-57.500E-06,+1.097715047E+00,+1.323739599E+00
-57.400E-06,+1.097023773E+00,+1.327008982E+00
-57.300E-06,+1.094884385E+00,+1.327338949E+00
-57.200E-06,+1.093685244E+00,+1.330398530E+00
-57.100E-06,+1.091351691E+00,+1.332598078E+00
-57.000E-06,+1.091043374E+00,+1.332749402E+00
-56.900E-06,+1.088729704E+00,+1.335657688E+00
-56.800E-06,+1.084529056E+00,+1.337468900E+00
-56.700E-06,+1.083565834E+00,+1.338540425E+00
-56.600E-06,+1.080798880E+00,+1.340853008E+00
-56.500E-06,+1.078288427E+00,+1.341632956E+00
-56.400E-06,+1.076785027E+00,+1.343588085E+00
-56.300E-06,+1.074908999E+00,+1.345344268E+00
-56.200E-06,+1.073434919E+00,+1.346917750E+00
-56.100E-06,+1.071730068E+00,+1.348660286E+00
-56.000E-06,+1.069201796E+00,+1.350471943E+00
-55.900E-06,+1.066292714E+00,+1.353671891E+00
-55.800E-06,+1.065556204E+00,+1.355885870E+00
-55.700E-06,+1.061128227E+00,+1.356320811E+00
-55.600E-06,+1.060557093E+00,+1.359058992E+00
-55.500E-06,+1.058404722E+00,+1.358516981E+00
-55.400E-06,+1.054960369E+00,+1.360515729E+00
-55.300E-06,+1.054447267E+00,+1.361607902E+00
-55.200E-06,+1.051874688E+00,+1.362097757E+00
-55.100E-06,+1.050045941E+00,+1.364151667E+00
-55.000E-06,+1.047210298E+00,+1.364723729E+00
-54.900E-06,+1.044458600E+00,+1.366055706E+00
-54.800E-06,+1.042326854E+00,+1.368605550E+00
-54.700E-06,+1.040774532E+00,+1.371551683E+00
-54.600E-06,+1.036954610E+00,+1.371763078E+00
-54.500E-06,+1.034588958E+00,+1.374374910E+00
-54.400E-06,+1.033946362E+00,+1.374405382E+00
-54.300E-06,+1.031272904E+00,+1.376465528E+00
-54.200E-06,+1.030559781E+00,+1.377841160E+00
-54.100E-06,+1.027393382E+00,+1.378005034E+00
-54.000E-06,+1.025473651E+00,+1.380214430E+00
-53.900E-06,+1.022959424E+00,+1.380770891E+00
-53.800E-06,+1.019714560E+00,+1.381538035E+00
-53.700E-06,+1.017874325E+00,+1.381771593E+00
-53.600E-06,+1.016015768E+00,+1.383348982E+00
-53.500E-06,+1.013998173E+00,+1.385266482E+00
-53.400E-06,+1.012314308E+00,+1.386350247E+00
-53.300E-06,+1.011615231E+00,+1.387349315E+00
-53.200E-06,+1.009352700E+00,+1.388028364E+00
-53.100E-06,+1.008000622E+00,+1.390321537E+00
-53.000E-06,+1.004264736E+00,+1.391008426E+00
-52.900E-06,+1.002778805E+00,+1.393521538E+00
-52.800E-06,+998.399821E-03,+1.394730246E+00
-52.700E-06,+997.667780E-03,+1.396589785E+00
-52.600E-06,+995.017885E-03,+1.397403221E+00
-52.500E-06,+993.898636E-03,+1.398243231E+00
-52.400E-06,+991.948547E-03,+1.399196894E+00
-52.300E-06,+991.241569E-03,+1.399767630E+00
-52.200E-06,+988.616880E-03,+1.401262293E+00
-52.100E-06,+987.307392E-03,+1.401324528E+00
-52.000E-06,+984.164113E-03,+1.402256403E+00
-51.900E-06,+983.400371E-03,+1.403379024E+00
-51.800E-06,+978.324237E-03,+1.403773107E+00
-51.700E-06,+976.239626E-03,+1.405215646E+00
-51.600E-06,+974.143025E-03,+1.405282526E+00
-51.500E-06,+972.709259E-03,+1.405331403E+00
-51.400E-06,+971.057465E-03,+1.407173884E+00
-51.300E-06,+968.217094E-03,+1.408753985E+00
-51.200E-06,+967.618587E-03,+1.407704656E+00
-51.100E-06,+964.226435E-03,+1.410751319E+00
-51.000E-06,+960.398070E-03,+1.412324865E+00
-50.900E-06,+959.099750E-03,+1.414368381E+00
-50.800E-06,+956.813434E-03,+1.414270896E+00
-50.700E-06,+954.069232E-03,+1.415279829E+00
-50.600E-06,+952.798496E-03,+1.417680790E+00
-50.500E-06,+951.890219E-03,+1.416681024E+00
-50.400E-06,+949.723863E-03,+1.417991303E+00
-50.300E-06,+948.570915E-03,+1.418688548E+00
-50.200E-06,+946.134969E-03,+1.419599635E+00
-50.100E-06,+943.392475E-03,+1.419559743E+00
-50.000E-06,+941.750505E-03,+1.419525809E+00
-49.900E-06,+938.960923E-03,+1.420866536E+00
-49.800E-06,+936.146616E-03,+1.421610541E+00
-49.700E-06,+934.686406E-03,+1.422368182E+00
-49.600E-06,+932.872589E-03,+1.422031328E+00
-49.500E-06,+931.763001E-03,+1.423389544E+00
-49.400E-06,+929.626436E-03,+1.423827246E+00
-49.300E-06,+928.798160E-03,+1.423446437E+00
-49.200E-06,+925.524694E-03,+1.425565633E+00
-49.100E-06,+923.708647E-03,+1.425487116E+00
-49.000E-06,+920.854876E-03,+1.426504769E+00
-48.900E-06,+918.967464E-03,+1.425328729E+00
-48.800E-06,+915.730162E-03,+1.426835712E+00
-48.700E-06,+913.868348E-03,+1.426794361E+00
-48.600E-06,+912.247792E-03,+1.428483388E+00
-48.500E-06,+910.009197E-03,+1.429354529E+00
-48.400E-06,+908.788098E-03,+1.429318122E+00
-48.300E-06,+906.007930E-03,+1.430884668E+00
-48.200E-06,+904.315659E-03,+1.430749651E+00
-48.100E-06,+902.050565E-03,+1.430909859E+00
-48.000E-06,+899.518536E-03,+1.432154839E+00
-47.900E-06,+896.746533E-03,+1.431975178E+00
-47.800E-06,+895.718899E-03,+1.432758460E+00
-47.700E-06,+892.330081E-03,+1.433967015E+00
-47.600E-06,+891.494062E-03,+1.434580659E+00
-47.500E-06,+888.688084E-03,+1.436608120E+00
-47.400E-06,+886.848861E-03,+1.435151726E+00
-47.300E-06,+885.242043E-03,+1.435508576E+00
-47.200E-06,+882.474646E-03,+1.436529872E+00
-47.100E-06,+880.320480E-03,+1.436293638E+00
-47.000E-06,+878.285921E-03,+1.437235627E+00
-46.900E-06,+875.471313E-03,+1.436027378E+00
-46.800E-06,+873.285508E-03,+1.435930462E+00
-46.700E-06,+871.966691E-03,+1.436678508E+00
-46.600E-06,+870.219463E-03,+1.436267219E+00
-46.500E-06,+868.753784E-03,+1.437154184E+00
-46.400E-06,+865.964172E-03,+1.438619043E+00
-46.300E-06,+864.518326E-03,+1.436047748E+00
-46.200E-06,+862.041935E-03,+1.437837245E+00
-46.100E-06,+860.587989E-03,+1.438574646E+00
-46.000E-06,+857.487746E-03,+1.437910625E+00
-45.900E-06,+855.717784E-03,+1.438848685E+00
-45.800E-06,+854.028715E-03,+1.439021076E+00
-45.700E-06,+853.065686E-03,+1.438931679E+00
-45.600E-06,+852.323966E-03,+1.439433431E+00
-45.500E-06,+849.263542E-03,+1.438708163E+00
-45.400E-06,+848.671849E-03,+1.438643623E+00
-45.300E-06,+846.086708E-03,+1.438690819E+00
-45.200E-06,+844.359340E-03,+1.438096871E+00
-45.100E-06,+841.474500E-03,+1.437918512E+00
-45.000E-06,+838.511818E-03,+1.439605025E+00
-44.900E-06,+836.849469E-03,+1.437590722E+00
-44.800E-06,+835.418948E-03,+1.438560909E+00
-44.700E-06,+833.522725E-03,+1.438086951E+00
-44.600E-06,+832.312680E-03,+1.438103721E+00
-44.500E-06,+830.864494E-03,+1.438396746E+00
-44.400E-06,+828.413877E-03,+1.437841056E+00
-44.300E-06,+827.230511E-03,+1.437387023E+00
-44.200E-06,+825.667572E-03,+1.438499723E+00
-44.100E-06,+823.758472E-03,+1.437477203E+00
-44.000E-06,+820.629589E-03,+1.436528545E+00
-43.900E-06,+818.380234E-03,+1.437030504E+00
-43.800E-06,+816.505050E-03,+1.437502273E+00
-43.700E-06,+813.680041E-03,+1.436715047E+00
-43.600E-06,+811.891172E-03,+1.436551654E+00
-43.500E-06,+810.990862E-03,+1.436616140E+00
-43.400E-06,+809.410921E-03,+1.435177006E+00
-43.300E-06,+809.695593E-03,+1.435682244E+00
-43.200E-06,+805.844015E-03,+1.434658138E+00
-43.100E-06,+803.893522E-03,+1.434551001E+00
-43.000E-06,+801.444461E-03,+1.434673673E+00
-42.900E-06,+798.997854E-03,+1.433423892E+00
-42.800E-06,+797.198759E-03,+1.434457491E+00
-42.700E-06,+795.101687E-03,+1.433803575E+00
-42.600E-06,+794.327631E-03,+1.433021765E+00
-42.500E-06,+792.733623E-03,+1.430691467E+00
-42.400E-06,+789.984041E-03,+1.431026260E+00
-42.300E-06,+788.776318E-03,+1.430407582E+00
-42.200E-06,+787.258288E-03,+1.429842574E+00
-42.100E-06,+786.123418E-03,+1.429796502E+00
-42.000E-06,+783.927741E-03,+1.429807996E+00
-41.900E-06,+781.489120E-03,+1.427976630E+00
-41.800E-06,+777.965206E-03,+1.427266788E+00
-41.700E-06,+778.312914E-03,+1.427320911E+00
-41.600E-06,+776.133491E-03,+1.428126923E+00
-41.500E-06,+774.085424E-03,+1.426422089E+00
-41.400E-06,+773.351749E-03,+1.425822306E+00
-41.300E-06,+771.151688E-03,+1.425403243E+00
-41.200E-06,+770.019008E-03,+1.424842258E+00
-41.100E-06,+769.207070E-03,+1.423101302E+00
-41.000E-06,+766.696870E-03,+1.424449923E+00
-40.900E-06,+765.427901E-03,+1.422633218E+00
-40.800E-06,+762.314178E-03,+1.422374682E+00
-40.700E-06,+761.071025E-03,+1.422511004E+00
-40.600E-06,+758.787123E-03,+1.421215650E+00
-40.500E-06,+757.997881E-03,+1.421841113E+00
-40.400E-06,+755.573533E-03,+1.419182286E+00
-40.300E-06,+753.567150E-03,+1.419349138E+00
-40.200E-06,+752.881960E-03,+1.418003075E+00
-40.100E-06,+751.848453E-03,+1.417963906E+00
-40.000E-06,+750.655703E-03,+1.417004322E+00
-39.900E-06,+748.959235E-03,+1.415986487E+00
-39.800E-06,+748.322151E-03,+1.415848533E+00
-39.700E-06,+746.963676E-03,+1.413995777E+00
-39.600E-06,+744.276868E-03,+1.414238573E+00
-39.500E-06,+742.666237E-03,+1.412044175E+00
-39.400E-06,+740.362266E-03,+1.411869815E+00
-39.300E-06,+738.924103E-03,+1.410202256E+00
-39.200E-06,+737.704981E-03,+1.409356780E+00
-39.100E-06,+734.911516E-03,+1.407609168E+00
-39.000E-06,+733.926995E-03,+1.406535913E+00
-38.900E-06,+734.190452E-03,+1.406644054E+00
-38.800E-06,+731.808661E-03,+1.405309399E+00
-38.700E-06,+731.483680E-03,+1.403934502E+00
-38.600E-06,+731.144131E-03,+1.403139708E+00
-38.500E-06,+729.206110E-03,+1.402726785E+00
-38.400E-06,+729.136843E-03,+1.400981692E+00
-38.300E-06,+727.626080E-03,+1.400704481E+00
-38.200E-06,+724.904829E-03,+1.399429444E+00
-38.100E-06,+723.546089E-03,+1.399540889E+00
-38.000E-06,+722.766159E-03,+1.398263946E+00
-37.900E-06,+720.063532E-03,+1.397287198E+00
-37.800E-06,+719.470712E-03,+1.396445451E+00
-37.700E-06,+716.348186E-03,+1.394056864E+00
-37.600E-06,+715.903312E-03,+1.393004716E+00
-37.500E-06,+714.524679E-03,+1.392813246E+00
-37.400E-06,+712.750548E-03,+1.389757476E+00
-37.300E-06,+711.635357E-03,+1.388654226E+00
-37.200E-06,+710.730077E-03,+1.386989908E+00
-37.100E-06,+710.594161E-03,+1.386692721E+00
-37.000E-06,+708.370545E-03,+1.385398822E+00
-36.900E-06,+708.526351E-03,+1.383229047E+00
-36.800E-06,+707.012058E-03,+1.383018339E+00
-36.700E-06,+705.769896E-03,+1.381315672E+00
-36.600E-06,+704.902889E-03,+1.380227202E+00
-36.500E-06,+702.683207E-03,+1.380003602E+00
-36.400E-06,+700.387441E-03,+1.378808446E+00
-36.300E-06,+698.138353E-03,+1.377549089E+00
-36.200E-06,+697.528401E-03,+1.376585844E+00
-36.100E-06,+695.297476E-03,+1.374897493E+00
-36.000E-06,+695.207934E-03,+1.373154239E+00
-35.900E-06,+694.149563E-03,+1.370964406E+00
-35.800E-06,+693.057409E-03,+1.369526835E+00
-35.700E-06,+691.289105E-03,+1.367336176E+00
-35.600E-06,+689.778595E-03,+1.366868079E+00
-35.500E-06,+690.095577E-03,+1.364545800E+00
-35.400E-06,+689.214703E-03,+1.363701663E+00
-35.300E-06,+686.560839E-03,+1.362158731E+00
-35.200E-06,+686.996392E-03,+1.361072806E+00
-35.100E-06,+684.809033E-03,+1.359701167E+00
-35.000E-06,+682.969383E-03,+1.358674920E+00
-34.900E-06,+681.519938E-03,+1.357855991E+00
-34.800E-06,+679.258613E-03,+1.355600963E+00
-34.700E-06,+678.574737E-03,+1.353615229E+00
-34.600E-06,+678.474992E-03,+1.351765326E+00
-34.500E-06,+675.492874E-03,+1.349387080E+00
-34.400E-06,+674.649642E-03,+1.348166832E+00
-34.300E-06,+673.946065E-03,+1.347073935E+00
-34.200E-06,+672.902547E-03,+1.344825914E+00
-34.100E-06,+672.510857E-03,+1.342842567E+00
-34.000E-06,+671.768686E-03,+1.341261988E+00
-33.900E-06,+670.982696E-03,+1.338921644E+00
-33.800E-06,+669.313098E-03,+1.337847329E+00
-33.700E-06,+669.555412E-03,+1.336647289E+00
-33.600E-06,+668.455051E-03,+1.334732484E+00
-33.500E-06,+668.534479E-03,+1.331952619E+00
-33.400E-06,+666.609429E-03,+1.329239824E+00
-33.300E-06,+666.824793E-03,+1.327869644E+00
-33.200E-06,+664.794660E-03,+1.326691535E+00
-33.100E-06,+664.693509E-03,+1.323784335E+00
-33.000E-06,+661.809255E-03,+1.323974731E+00
-32.900E-06,+660.680815E-03,+1.320657948E+00
-32.800E-06,+659.739791E-03,+1.320481241E+00
-32.700E-06,+658.583406E-03,+1.319720397E+00
-32.600E-06,+658.195105E-03,+1.319366255E+00
-32.500E-06,+656.827639E-03,+1.316108860E+00
-32.400E-06,+655.239950E-03,+1.315358468E+00
-32.300E-06,+654.298800E-03,+1.313382720E+00
-32.200E-06,+654.785186E-03,+1.311242688E+00
-32.100E-06,+653.767895E-03,+1.307338494E+00
-32.000E-06,+653.081861E-03,+1.307008299E+00
-31.900E-06,+653.531620E-03,+1.305417154E+00
-31.800E-06,+652.277183E-03,+1.302930883E+00
-31.700E-06,+652.300002E-03,+1.302359285E+00
-31.600E-06,+651.658486E-03,+1.299892699E+00
-31.500E-06,+650.840432E-03,+1.297908429E+00
-31.400E-06,+650.509163E-03,+1.294932714E+00
-31.300E-06,+649.613265E-03,+1.295034470E+00
-31.200E-06,+650.640290E-03,+1.293855672E+00
-31.100E-06,+649.926998E-03,+1.289362097E+00
-31.000E-06,+648.559321E-03,+1.287571336E+00
-30.900E-06,+648.558109E-03,+1.285988989E+00
-30.800E-06,+647.456311E-03,+1.283215949E+00
-30.700E-06,+648.428321E-03,+1.282994286E+00
-30.600E-06,+646.925347E-03,+1.280315008E+00
-30.500E-06,+645.860866E-03,+1.279497381E+00
-30.400E-06,+645.966143E-03,+1.277912768E+00
-30.300E-06,+646.034643E-03,+1.275818000E+00
-30.200E-06,+643.061075E-03,+1.273822027E+00
-30.100E-06,+643.060775E-03,+1.270177411E+00
-30.000E-06,+641.369715E-03,+1.268673142E+00
-29.900E-06,+642.531667E-03,+1.265329963E+00
-29.800E-06,+641.580628E-03,+1.264213548E+00
-29.700E-06,+640.265856E-03,+1.261780932E+00
-29.600E-06,+640.099636E-03,+1.260774875E+00
-29.500E-06,+639.515053E-03,+1.257645822E+00
-29.400E-06,+639.129020E-03,+1.255783990E+00
-29.300E-06,+638.101441E-03,+1.254797058E+00
-29.200E-06,+638.747010E-03,+1.250546820E+00
-29.100E-06,+637.469338E-03,+1.248508474E+00
-29.000E-06,+636.151974E-03,+1.246647753E+00
-28.900E-06,+636.474614E-03,+1.244779612E+00
-28.800E-06,+635.980057E-03,+1.241663140E+00
-28.700E-06,+635.930755E-03,+1.239931176E+00
-28.600E-06,+634.419643E-03,+1.237152805E+00
-28.500E-06,+634.509347E-03,+1.234973086E+00
-28.400E-06,+633.902946E-03,+1.233129786E+00
-28.300E-06,+634.699322E-03,+1.230866098E+00
-28.200E-06,+634.029117E-03,+1.227192843E+00
-28.100E-06,+633.600243E-03,+1.225850995E+00
-28.000E-06,+634.486581E-03,+1.223826092E+00
-27.900E-06,+633.079355E-03,+1.221894685E+00
-27.800E-06,+632.854852E-03,+1.220223172E+00
-27.700E-06,+633.510883E-03,+1.219222464E+00
-27.600E-06,+632.740716E-03,+1.215856496E+00
-27.500E-06,+631.709700E-03,+1.214507736E+00
-27.400E-06,+631.696059E-03,+1.211232379E+00
-27.300E-06,+632.429590E-03,+1.209751971E+00
-27.200E-06,+632.182989E-03,+1.206820703E+00
-27.100E-06,+632.493771E-03,+1.204439881E+00
-27.000E-06,+632.022926E-03,+1.202504948E+00
-26.900E-06,+631.911850E-03,+1.199360487E+00
-26.800E-06,+630.760579E-03,+1.197130690E+00
-26.700E-06,+631.426699E-03,+1.195533647E+00
-26.600E-06,+631.154746E-03,+1.192929300E+00
-26.500E-06,+631.034521E-03,+1.189943853E+00
-26.400E-06,+630.861312E-03,+1.185929547E+00
-26.300E-06,+630.470038E-03,+1.184822830E+00
-26.200E-06,+630.507477E-03,+1.182282762E+00
-26.100E-06,+630.315796E-03,+1.181490361E+00
-26.000E-06,+630.688187E-03,+1.178278774E+00
-25.900E-06,+630.757340E-03,+1.176953878E+00
-25.800E-06,+630.971792E-03,+1.175192804E+00
-25.700E-06,+630.997795E-03,+1.170387503E+00
-25.600E-06,+631.991603E-03,+1.169688034E+00
-25.500E-06,+631.002288E-03,+1.167331602E+00
-25.400E-06,+631.587822E-03,+1.164216409E+00
-25.300E-06,+630.574651E-03,+1.162527700E+00
-25.200E-06,+630.734477E-03,+1.160203085E+00
-25.100E-06,+631.168297E-03,+1.158053935E+00
-25.000E-06,+631.079931E-03,+1.155627596E+00
-24.900E-06,+631.143173E-03,+1.154150567E+00
-24.800E-06,+630.840760E-03,+1.151188469E+00
-24.700E-06,+631.490810E-03,+1.147394774E+00
-24.600E-06,+632.108198E-03,+1.145704072E+00
-24.500E-06,+631.144366E-03,+1.143820408E+00
-24.400E-06,+631.497268E-03,+1.140087844E+00
-24.300E-06,+632.025098E-03,+1.137987813E+00
-24.200E-06,+631.798276E-03,+1.137040337E+00
-24.100E-06,+631.749465E-03,+1.134658225E+00
-24.000E-06,+632.249494E-03,+1.131378809E+00
-23.900E-06,+632.194791E-03,+1.129903680E+00
-23.800E-06,+634.073008E-03,+1.127589329E+00
-23.700E-06,+633.633326E-03,+1.123349880E+00
-23.600E-06,+632.572417E-03,+1.120235486E+00
-23.500E-06,+633.593489E-03,+1.118756806E+00
-23.400E-06,+633.865074E-03,+1.115768305E+00
-23.300E-06,+634.217016E-03,+1.112758019E+00
-23.200E-06,+633.781225E-03,+1.110304713E+00
-23.100E-06,+634.840730E-03,+1.107033062E+00
-23.000E-06,+634.855289E-03,+1.104644837E+00
-22.900E-06,+636.247998E-03,+1.101967320E+00
-22.800E-06,+636.201954E-03,+1.099249098E+00
-22.700E-06,+636.283844E-03,+1.098044439E+00
-22.600E-06,+637.233793E-03,+1.095088765E+00
-22.500E-06,+636.663212E-03,+1.091624727E+00
-22.400E-06,+638.753668E-03,+1.089853570E+00
-22.300E-06,+638.523199E-03,+1.086593686E+00
-22.200E-06,+638.209750E-03,+1.083925577E+00
-22.100E-06,+639.592612E-03,+1.081140090E+00
-22.000E-06,+640.453194E-03,+1.079331659E+00
-21.900E-06,+640.226127E-03,+1.077828518E+00
-21.800E-06,+642.433719E-03,+1.074657992E+00
-21.700E-06,+641.551482E-03,+1.072586998E+00
-21.600E-06,+642.124329E-03,+1.068702525E+00
-21.500E-06,+643.837983E-03,+1.066042678E+00
-21.400E-06,+645.734101E-03,+1.063028839E+00
-21.300E-06,+645.117518E-03,+1.060574542E+00
-21.200E-06,+646.439105E-03,+1.058722252E+00
-21.100E-06,+647.036224E-03,+1.055798528E+00
-21.000E-06,+646.023662E-03,+1.053417961E+00
-20.900E-06,+647.929606E-03,+1.052304676E+00
-20.800E-06,+648.013172E-03,+1.048762339E+00
-20.700E-06,+649.256747E-03,+1.047097332E+00
-20.600E-06,+648.570453E-03,+1.043263502E+00
-20.500E-06,+649.915377E-03,+1.039951744E+00
-20.400E-06,+650.982269E-03,+1.039194193E+00
-20.300E-06,+650.035264E-03,+1.036933699E+00
-20.200E-06,+650.783720E-03,+1.035360074E+00
-20.100E-06,+651.401482E-03,+1.031499390E+00
-20.000E-06,+651.725473E-03,+1.029042170E+00
-19.900E-06,+652.116366E-03,+1.027906185E+00
-19.800E-06,+652.016350E-03,+1.023954218E+00
-19.700E-06,+653.061237E-03,+1.021614135E+00
-19.600E-06,+653.042856E-03,+1.019503574E+00
-19.500E-06,+654.138955E-03,+1.016534173E+00
-19.400E-06,+655.697558E-03,+1.013906149E+00
-19.300E-06,+655.930115E-03,+1.011155779E+00
-19.200E-06,+657.708175E-03,+1.008115244E+00
-19.100E-06,+658.391253E-03,+1.005205219E+00
-19.000E-06,+660.154416E-03,+1.002295955E+00
-18.900E-06,+661.147777E-03,+1.001019496E+00
-18.800E-06,+660.767272E-03,+997.423752E-03
-18.700E-06,+663.011767E-03,+993.039746E-03
-18.600E-06,+663.222391E-03,+992.430625E-03
-18.500E-06,+664.664171E-03,+988.344369E-03
-18.400E-06,+666.450475E-03,+985.635067E-03
-18.300E-06,+665.602744E-03,+983.429344E-03
-18.200E-06,+667.282424E-03,+981.136178E-03
-18.100E-06,+669.070213E-03,+979.206068E-03
-18.000E-06,+669.711910E-03,+977.701316E-03
-17.900E-06,+670.788869E-03,+974.594511E-03
-17.800E-06,+670.799264E-03,+973.072253E-03
-17.700E-06,+672.062493E-03,+970.530587E-03
-17.600E-06,+672.877604E-03,+967.718848E-03
-17.500E-06,+673.959850E-03,+964.575945E-03
-17.400E-06,+675.694987E-03,+961.462191E-03
-17.300E-06,+676.718756E-03,+960.276545E-03
-17.200E-06,+678.034968E-03,+957.565573E-03
-17.100E-06,+678.607295E-03,+955.796333E-03
-17.000E-06,+681.382750E-03,+953.668303E-03
-16.900E-06,+681.145676E-03,+949.848287E-03
-16.800E-06,+682.746554E-03,+946.470903E-03
-16.700E-06,+684.411369E-03,+944.059866E-03
-16.600E-06,+685.546170E-03,+941.595419E-03
-16.500E-06,+687.175319E-03,+939.666390E-03
-16.400E-06,+686.987081E-03,+937.110401E-03
-16.300E-06,+689.223072E-03,+934.936713E-03
-16.200E-06,+691.544853E-03,+931.533519E-03
-16.100E-06,+691.035273E-03,+928.081657E-03
-16.000E-06,+692.634101E-03,+925.945562E-03
-15.900E-06,+693.285828E-03,+923.867826E-03
-15.800E-06,+695.723255E-03,+921.103620E-03
-15.700E-06,+696.596743E-03,+918.865320E-03
-15.600E-06,+698.410438E-03,+916.922335E-03
-15.500E-06,+698.262492E-03,+914.499152E-03
-15.400E-06,+701.636378E-03,+911.394083E-03
-15.300E-06,+702.438920E-03,+908.846881E-03
-15.200E-06,+703.757813E-03,+906.250820E-03
-15.100E-06,+704.959787E-03,+903.192704E-03
-15.000E-06,+707.474950E-03,+900.366619E-03
-14.900E-06,+708.427673E-03,+899.553244E-03
-14.800E-06,+708.042218E-03,+896.881826E-03
-14.700E-06,+709.991958E-03,+893.551800E-03
-14.600E-06,+712.050235E-03,+891.898060E-03
-14.500E-06,+711.988053E-03,+888.864456E-03
-14.400E-06,+713.197363E-03,+886.021215E-03
-14.300E-06,+714.577083E-03,+883.163121E-03
-14.200E-06,+716.131810E-03,+881.344752E-03
-14.100E-06,+717.414088E-03,+878.141016E-03
-14.000E-06,+719.768742E-03,+877.017769E-03
-13.900E-06,+721.956875E-03,+872.958855E-03
-13.800E-06,+721.784075E-03,+871.256725E-03
-13.700E-06,+723.486181E-03,+868.457241E-03
-13.600E-06,+725.765338E-03,+865.385562E-03
-13.500E-06,+727.556637E-03,+862.777649E-03
-13.400E-06,+727.930349E-03,+860.139563E-03
-13.300E-06,+729.629489E-03,+857.906509E-03
-13.200E-06,+730.175976E-03,+854.931217E-03
-13.100E-06,+732.084502E-03,+853.717861E-03
-13.000E-06,+732.708464E-03,+850.521641E-03
-12.900E-06,+732.521035E-03,+848.201729E-03
-12.800E-06,+734.830561E-03,+844.576303E-03
-12.700E-06,+736.080613E-03,+841.394731E-03
-12.600E-06,+736.792284E-03,+840.319589E-03
-12.500E-06,+740.908699E-03,+838.011142E-03
-12.400E-06,+740.876392E-03,+835.720533E-03
-12.300E-06,+743.247563E-03,+833.125183E-03
-12.200E-06,+745.152210E-03,+830.747764E-03
-12.100E-06,+747.627621E-03,+827.360002E-03
-12.000E-06,+748.004920E-03,+825.523619E-03
-11.900E-06,+750.603956E-03,+823.767673E-03
-11.800E-06,+751.199863E-03,+820.298629E-03
-11.700E-06,+752.789438E-03,+818.535572E-03
-11.600E-06,+753.136498E-03,+817.019670E-03
-11.500E-06,+754.900989E-03,+815.097184E-03
-11.400E-06,+756.588376E-03,+813.156944E-03
-11.300E-06,+759.329943E-03,+810.507969E-03
-11.200E-06,+759.332006E-03,+806.883520E-03
-11.100E-06,+762.785850E-03,+804.540319E-03
-11.000E-06,+764.948799E-03,+802.883717E-03
-10.900E-06,+767.091335E-03,+800.580928E-03
-10.800E-06,+766.718473E-03,+798.071192E-03
-10.700E-06,+769.398279E-03,+796.000669E-03
-10.600E-06,+771.515401E-03,+793.447352E-03
-10.500E-06,+771.127837E-03,+791.223614E-03
-10.400E-06,+773.425659E-03,+788.310988E-03
-10.300E-06,+775.234603E-03,+785.850920E-03
-10.200E-06,+777.276493E-03,+783.474798E-03
-10.100E-06,+779.075235E-03,+783.227089E-03
-10.000E-06,+780.333904E-03,+779.285203E-03
-9.900E-06,+782.603780E-03,+778.279937E-03
-9.800E-06,+784.544508E-03,+775.125942E-03
-9.700E-06,+787.556545E-03,+773.743273E-03
-9.600E-06,+788.748480E-03,+770.924901E-03
-9.500E-06,+790.281847E-03,+769.253918E-03
-9.400E-06,+792.389537E-03,+765.459812E-03
-9.300E-06,+792.512035E-03,+764.001429E-03
-9.200E-06,+794.262513E-03,+761.636765E-03
-9.100E-06,+795.976253E-03,+759.490720E-03
-9.000E-06,+797.720604E-03,+757.719521E-03
-8.900E-06,+801.848302E-03,+756.513511E-03
-8.800E-06,+803.306992E-03,+753.942983E-03
-8.700E-06,+805.538024E-03,+751.024596E-03
-8.600E-06,+806.915316E-03,+749.782503E-03
-8.500E-06,+808.488881E-03,+746.177738E-03
-8.400E-06,+809.909704E-03,+743.390822E-03
-8.300E-06,+812.710583E-03,+743.150837E-03
-8.200E-06,+814.524080E-03,+739.201287E-03
-8.100E-06,+815.548675E-03,+737.838217E-03
-8.000E-06,+818.497793E-03,+736.442461E-03
-7.900E-06,+820.065196E-03,+734.284386E-03
-7.800E-06,+823.547051E-03,+730.379168E-03
-7.700E-06,+824.702869E-03,+728.434216E-03
-7.600E-06,+827.251236E-03,+727.192727E-03
-7.500E-06,+828.334803E-03,+723.558852E-03
-7.400E-06,+830.722040E-03,+722.756316E-03
-7.300E-06,+832.065794E-03,+719.969598E-03
-7.200E-06,+834.343293E-03,+718.928866E-03
-7.100E-06,+835.683043E-03,+717.209349E-03
-7.000E-06,+836.405411E-03,+716.473305E-03
-6.900E-06,+839.561824E-03,+713.939424E-03
-6.800E-06,+842.304590E-03,+713.886058E-03
-6.700E-06,+844.561886E-03,+709.154055E-03
-6.600E-06,+847.061260E-03,+707.792877E-03
-6.500E-06,+848.753961E-03,+704.592424E-03
-6.400E-06,+849.705097E-03,+703.747956E-03
-6.300E-06,+850.715247E-03,+700.855716E-03
-6.200E-06,+852.900062E-03,+698.684597E-03
-6.100E-06,+855.376236E-03,+698.250112E-03
-6.000E-06,+856.355573E-03,+695.152462E-03
-5.900E-06,+859.134142E-03,+694.152852E-03
-5.800E-06,+861.562518E-03,+691.006142E-03
-5.700E-06,+863.285852E-03,+690.780180E-03
-5.600E-06,+865.129231E-03,+687.779916E-03
-5.500E-06,+866.649336E-03,+686.447926E-03
-5.400E-06,+869.936786E-03,+682.593664E-03
-5.300E-06,+870.792219E-03,+681.110124E-03
-5.200E-06,+872.806562E-03,+679.256257E-03
-5.100E-06,+874.115660E-03,+677.532307E-03
-5.000E-06,+875.752009E-03,+676.406420E-03
-4.900E-06,+877.160453E-03,+675.328695E-03
-4.800E-06,+879.761267E-03,+672.550906E-03
-4.700E-06,+882.614025E-03,+672.521310E-03
-4.600E-06,+886.013403E-03,+669.500321E-03
-4.500E-06,+888.271976E-03,+666.710430E-03
-4.400E-06,+889.764769E-03,+664.293458E-03
-4.300E-06,+891.862130E-03,+662.750794E-03
-4.200E-06,+893.309025E-03,+661.651999E-03
-4.100E-06,+895.972996E-03,+660.094047E-03
-4.000E-06,+898.685237E-03,+659.837158E-03
-3.900E-06,+900.674672E-03,+657.940686E-03
-3.800E-06,+901.601746E-03,+656.051970E-03
-3.700E-06,+905.860550E-03,+654.777243E-03
-3.600E-06,+908.121723E-03,+653.993086E-03
-3.500E-06,+911.063635E-03,+653.278285E-03
-3.400E-06,+911.241248E-03,+651.425282E-03
-3.300E-06,+913.476881E-03,+650.750042E-03
-3.200E-06,+915.503173E-03,+648.496445E-03
-3.100E-06,+918.503562E-03,+645.424748E-03
-3.000E-06,+919.157340E-03,+643.832837E-03
-2.900E-06,+922.890784E-03,+642.645213E-03
-2.800E-06,+925.157168E-03,+640.948939E-03
-2.700E-06,+927.196989E-03,+639.476888E-03
-2.600E-06,+929.556951E-03,+637.802589E-03
-2.500E-06,+932.337712E-03,+636.765018E-03
-2.400E-06,+933.547647E-03,+636.114473E-03
-2.300E-06,+934.803532E-03,+633.842179E-03
-2.200E-06,+936.301672E-03,+633.774275E-03
-2.100E-06,+938.610054E-03,+630.418005E-03
-2.000E-06,+941.063747E-03,+629.138952E-03
-1.900E-06,+943.754964E-03,+628.267787E-03
-1.800E-06,+946.403460E-03,+624.673112E-03
-1.700E-06,+948.300884E-03,+623.718554E-03
-1.600E-06,+950.393518E-03,+622.788001E-03
-1.500E-06,+951.453275E-03,+620.840331E-03
-1.400E-06,+953.644978E-03,+620.068893E-03
-1.300E-06,+955.806310E-03,+618.326320E-03
-1.200E-06,+957.050795E-03,+616.811957E-03
-1.100E-06,+960.110646E-03,+616.763880E-03
-1.000E-06,+962.106460E-03,+615.004338E-03
-900E-09,+964.292057E-03,+614.079339E-03
-800E-09,+966.358372E-03,+612.987124E-03
-700E-09,+970.015497E-03,+612.878667E-03
-600E-09,+971.112680E-03,+609.634171E-03
-500E-09,+971.493563E-03,+609.649372E-03
-400E-09,+974.304039E-03,+606.562071E-03
-300E-09,+977.248580E-03,+605.913183E-03
-200E-09,+978.335622E-03,+603.801507E-03
-100E-09,+981.651748E-03,+601.816765E-03
+0.0E+00,+982.809651E-03,+602.074386E-03
+100E-09,+988.069185E-03,+600.120624E-03
+200E-09,+989.338059E-03,+599.690116E-03
+300E-09,+990.439511E-03,+598.152860E-03
+400E-09,+992.492766E-03,+597.392131E-03
+500E-09,+993.194630E-03,+596.891019E-03
+600E-09,+995.053223E-03,+595.468994E-03
+700E-09,+997.501477E-03,+594.435910E-03
+800E-09,+999.554790E-03,+594.230540E-03
+900E-09,+1.003511177E+00,+593.667324E-03
+1.000E-06,+1.005854023E+00,+592.455318E-03
+1.100E-06,+1.007152018E+00,+590.566012E-03
+1.200E-06,+1.008619384E+00,+588.916236E-03
+1.300E-06,+1.012079248E+00,+588.988663E-03
+1.400E-06,+1.012476395E+00,+587.015424E-03
+1.500E-06,+1.014266410E+00,+585.451724E-03
+1.600E-06,+1.015962553E+00,+584.772341E-03
+1.700E-06,+1.018680101E+00,+584.215586E-03
+1.800E-06,+1.020570113E+00,+584.619519E-03
+1.900E-06,+1.023683502E+00,+580.714484E-03
+2.000E-06,+1.025625016E+00,+581.348516E-03
+2.100E-06,+1.027974954E+00,+579.823080E-03
+2.200E-06,+1.030052960E+00,+580.117718E-03
+2.300E-06,+1.032277066E+00,+578.179156E-03
+2.400E-06,+1.033834410E+00,+577.479108E-03
+2.500E-06,+1.035760901E+00,+577.710476E-03
+2.600E-06,+1.036766881E+00,+576.320932E-03
+2.700E-06,+1.040596843E+00,+575.367026E-03
+2.800E-06,+1.042544918E+00,+575.186443E-03
+2.900E-06,+1.044982532E+00,+574.857084E-03
+3.000E-06,+1.048040279E+00,+573.993251E-03
+3.100E-06,+1.048759981E+00,+572.332947E-03
+3.200E-06,+1.052324831E+00,+571.806278E-03
+3.300E-06,+1.053955737E+00,+571.378697E-03
+3.400E-06,+1.056544181E+00,+572.429280E-03
+3.500E-06,+1.058782507E+00,+571.067148E-03
+3.600E-06,+1.060967531E+00,+569.057463E-03
+3.700E-06,+1.062815534E+00,+568.085793E-03
+3.800E-06,+1.066056761E+00,+567.448879E-03
+3.900E-06,+1.068366499E+00,+565.902316E-03
+4.000E-06,+1.071397272E+00,+565.792385E-03
+4.100E-06,+1.071766637E+00,+565.036107E-03
+4.200E-06,+1.074323158E+00,+563.963252E-03
+4.300E-06,+1.075728331E+00,+563.731480E-03
+4.400E-06,+1.076985216E+00,+564.277996E-03
+4.500E-06,+1.078397308E+00,+561.911043E-03
+4.600E-06,+1.081654250E+00,+559.647139E-03
+4.700E-06,+1.084001015E+00,+560.301823E-03
+4.800E-06,+1.085953782E+00,+560.979488E-03
+4.900E-06,+1.089198300E+00,+559.414924E-03
+5.000E-06,+1.090185107E+00,+558.974622E-03
+5.100E-06,+1.092367137E+00,+558.563690E-03
+5.200E-06,+1.093630365E+00,+558.141082E-03
+5.300E-06,+1.095623788E+00,+558.185194E-03
+5.400E-06,+1.097431895E+00,+557.651668E-03
+5.500E-06,+1.099713838E+00,+557.818993E-03
+5.600E-06,+1.102670598E+00,+556.624740E-03
+5.700E-06,+1.104745518E+00,+556.611497E-03
+5.800E-06,+1.106691001E+00,+555.793539E-03
+5.900E-06,+1.110238535E+00,+556.249520E-03
+6.000E-06,+1.111256827E+00,+556.199733E-03
+6.100E-06,+1.112902453E+00,+555.904838E-03
+6.200E-06,+1.114275315E+00,+555.152807E-03
+6.300E-06,+1.116217959E+00,+555.178183E-03
+6.400E-06,+1.119534222E+00,+555.312834E-03
+6.500E-06,+1.121459623E+00,+553.663379E-03
+6.600E-06,+1.124426023E+00,+554.032539E-03
+6.700E-06,+1.125975499E+00,+553.717883E-03
+6.800E-06,+1.128360322E+00,+553.513563E-03
+6.900E-06,+1.131600010E+00,+554.304863E-03
+7.000E-06,+1.132260524E+00,+552.312386E-03
+7.100E-06,+1.133706899E+00,+553.480923E-03
+7.200E-06,+1.135507279E+00,+553.240790E-03
+7.300E-06,+1.136969576E+00,+551.118232E-03
+7.400E-06,+1.139787129E+00,+552.731753E-03
+7.500E-06,+1.141915624E+00,+551.967291E-03
+7.600E-06,+1.143571192E+00,+552.101861E-03
+7.700E-06,+1.145618850E+00,+552.897343E-03
+7.800E-06,+1.148938043E+00,+551.639895E-03
+7.900E-06,+1.151147242E+00,+551.800565E-03
+8.000E-06,+1.152539108E+00,+552.426546E-03
+8.100E-06,+1.154203440E+00,+552.061921E-03
+8.200E-06,+1.155181207E+00,+551.762449E-03
+8.300E-06,+1.157809138E+00,+551.970255E-03
+8.400E-06,+1.161338819E+00,+552.150901E-03
+8.500E-06,+1.162326303E+00,+551.265758E-03
+8.600E-06,+1.164212828E+00,+552.413953E-03
+8.700E-06,+1.166431809E+00,+553.075611E-03
+8.800E-06,+1.167705257E+00,+553.136846E-03
+8.900E-06,+1.170553123E+00,+552.337228E-03
+9.000E-06,+1.172865996E+00,+553.037739E-03
+9.100E-06,+1.175333064E+00,+552.957034E-03
+9.200E-06,+1.176070429E+00,+552.080779E-03
+9.300E-06,+1.178108342E+00,+551.704514E-03
+9.400E-06,+1.179687800E+00,+552.172420E-03
+9.500E-06,+1.182018662E+00,+553.504985E-03
+9.600E-06,+1.184564465E+00,+552.624780E-03
+9.700E-06,+1.187488473E+00,+553.112270E-03
+9.800E-06,+1.189027279E+00,+551.413702E-03
+9.900E-06,+1.189951157E+00,+554.380416E-03
+10.000E-06,+1.191626633E+00,+553.538698E-03
+10.100E-06,+1.193441742E+00,+554.884237E-03
+10.200E-06,+1.194901565E+00,+553.803945E-03
+10.300E-06,+1.195978244E+00,+554.780836E-03
+10.400E-06,+1.197449578E+00,+554.440143E-03
+10.500E-06,+1.199291054E+00,+554.273005E-03
+10.600E-06,+1.202928849E+00,+555.943085E-03
+10.700E-06,+1.204626407E+00,+555.499458E-03
+10.800E-06,+1.205779412E+00,+556.384098E-03
+10.900E-06,+1.209714638E+00,+556.288410E-03
+11.000E-06,+1.210340353E+00,+556.467127E-03
+11.100E-06,+1.210894982E+00,+556.420750E-03
+11.200E-06,+1.212952613E+00,+556.779192E-03
+11.300E-06,+1.213853601E+00,+557.607530E-03
+11.400E-06,+1.214958635E+00,+558.086301E-03
+11.500E-06,+1.216269667E+00,+557.573879E-03
+11.600E-06,+1.218053603E+00,+558.186336E-03
+11.700E-06,+1.219692635E+00,+559.334048E-03
+11.800E-06,+1.223442177E+00,+559.338071E-03
+11.900E-06,+1.223530913E+00,+560.362429E-03
+12.000E-06,+1.226724236E+00,+560.544130E-03
+12.100E-06,+1.229755110E+00,+560.016893E-03
+12.200E-06,+1.230829644E+00,+560.854487E-03
+12.300E-06,+1.232262687E+00,+561.853074E-03
+12.400E-06,+1.233407567E+00,+563.137382E-03
+12.500E-06,+1.234260628E+00,+562.825240E-03
+12.600E-06,+1.235616830E+00,+564.295183E-03
+12.700E-06,+1.237741394E+00,+565.759851E-03
+12.800E-06,+1.239466906E+00,+566.256278E-03
+12.900E-06,+1.240162381E+00,+567.101755E-03
+13.000E-06,+1.242970745E+00,+567.105535E-03
+13.100E-06,+1.243049459E+00,+567.747480E-03
+13.200E-06,+1.246307898E+00,+569.490432E-03
+13.300E-06,+1.248703566E+00,+570.844635E-03
+13.400E-06,+1.249571504E+00,+570.793292E-03
+13.500E-06,+1.251601526E+00,+572.190032E-03
+13.600E-06,+1.252720264E+00,+573.203601E-03
+13.700E-06,+1.254528912E+00,+574.452285E-03
+13.800E-06,+1.254824934E+00,+574.768670E-03
+13.900E-06,+1.255701189E+00,+575.176389E-03
+14.000E-06,+1.257233447E+00,+574.529790E-03
+14.100E-06,+1.259125152E+00,+576.433852E-03
+14.200E-06,+1.261878177E+00,+577.246691E-03
+14.300E-06,+1.264203907E+00,+577.180191E-03
+14.400E-06,+1.264360428E+00,+578.337975E-03
+14.500E-06,+1.266925542E+00,+579.002818E-03
+14.600E-06,+1.267821918E+00,+579.534362E-03
+14.700E-06,+1.270089638E+00,+581.189372E-03
+14.800E-06,+1.271523838E+00,+581.261968E-03
+14.900E-06,+1.272245755E+00,+582.297095E-03
+15.000E-06,+1.274933009E+00,+583.219250E-03
+15.100E-06,+1.274214164E+00,+586.718436E-03
+15.200E-06,+1.275948564E+00,+585.865702E-03
+15.300E-06,+1.278253797E+00,+587.620022E-03
+15.400E-06,+1.278551537E+00,+587.669667E-03
+15.500E-06,+1.279539135E+00,+589.523664E-03
+15.600E-06,+1.281834610E+00,+591.033944E-03
+15.700E-06,+1.284188380E+00,+591.519716E-03
+15.800E-06,+1.286397012E+00,+592.315001E-03
+15.900E-06,+1.286921500E+00,+593.605498E-03
+16.000E-06,+1.288883752E+00,+594.426337E-03
+16.100E-06,+1.289889198E+00,+595.548276E-03
+16.200E-06,+1.291914436E+00,+596.615363E-03
+16.300E-06,+1.292571891E+00,+596.939807E-03
+16.400E-06,+1.293206369E+00,+597.248654E-03
+16.500E-06,+1.294332885E+00,+599.369116E-03
+16.600E-06,+1.295573558E+00,+601.070684E-03
+16.700E-06,+1.296377592E+00,+600.190582E-03
+16.800E-06,+1.297170794E+00,+602.982898E-03
+16.900E-06,+1.299721699E+00,+606.112823E-03
+17.000E-06,+1.300817038E+00,+606.277307E-03
+17.100E-06,+1.303306816E+00,+608.815743E-03
+17.200E-06,+1.303620117E+00,+609.574590E-03
+17.300E-06,+1.306698023E+00,+610.982137E-03
+17.400E-06,+1.308280977E+00,+612.878564E-03
+17.500E-06,+1.308446120E+00,+614.863044E-03
+17.600E-06,+1.310355766E+00,+616.466717E-03
+17.700E-06,+1.310840060E+00,+616.520416E-03
+17.800E-06,+1.312228345E+00,+616.417595E-03
+17.900E-06,+1.312969915E+00,+617.834120E-03
+18.000E-06,+1.313595444E+00,+617.975101E-03
+18.100E-06,+1.314539041E+00,+622.086946E-03
+18.200E-06,+1.315637720E+00,+621.887253E-03
+18.300E-06,+1.317538734E+00,+622.242787E-03
+18.400E-06,+1.317084471E+00,+623.085352E-03
+18.500E-06,+1.318192310E+00,+626.322269E-03
+18.600E-06,+1.321162224E+00,+627.989145E-03
+18.700E-06,+1.320208361E+00,+630.692146E-03
+18.800E-06,+1.321898287E+00,+630.354057E-03
+18.900E-06,+1.322851076E+00,+633.131324E-03
+19.000E-06,+1.325627268E+00,+635.002020E-03
+19.100E-06,+1.325809710E+00,+636.817175E-03
+19.200E-06,+1.327776708E+00,+637.417284E-03
+19.300E-06,+1.329097662E+00,+638.356675E-03
+19.400E-06,+1.329570468E+00,+639.920357E-03
+19.500E-06,+1.331139119E+00,+641.175088E-03
+19.600E-06,+1.331462960E+00,+642.155698E-03
+19.700E-06,+1.332279018E+00,+645.574964E-03
+19.800E-06,+1.333104447E+00,+646.387251E-03
+19.900E-06,+1.333298183E+00,+649.500740E-03
+20.000E-06,+1.334279823E+00,+650.705958E-03
+20.100E-06,+1.334874620E+00,+652.436296E-03
+20.200E-06,+1.335817802E+00,+655.126186E-03
+20.300E-06,+1.335940777E+00,+655.585936E-03
+20.400E-06,+1.336293756E+00,+656.853126E-03
+20.500E-06,+1.337555762E+00,+657.479549E-03
+20.600E-06,+1.337646889E+00,+658.915318E-03
+20.700E-06,+1.338000868E+00,+659.916742E-03
+20.800E-06,+1.338830248E+00,+661.827619E-03
+20.900E-06,+1.339644258E+00,+663.370739E-03
+21.000E-06,+1.340296491E+00,+664.613342E-03
+21.100E-06,+1.341602263E+00,+667.463428E-03
+21.200E-06,+1.343476296E+00,+669.612704E-03
+21.300E-06,+1.344174461E+00,+671.607454E-03
+21.400E-06,+1.345482689E+00,+672.740237E-03
+21.500E-06,+1.345099962E+00,+674.940846E-03
+21.600E-06,+1.345468904E+00,+677.666149E-03
+21.700E-06,+1.346957848E+00,+678.055777E-03
+21.800E-06,+1.348753401E+00,+678.706345E-03
+21.900E-06,+1.349657576E+00,+680.590767E-03
+22.000E-06,+1.350447570E+00,+683.209830E-03
+22.100E-06,+1.351195353E+00,+686.732614E-03
+22.200E-06,+1.351632596E+00,+687.029402E-03
+22.300E-06,+1.352468018E+00,+690.411886E-03
+22.400E-06,+1.352795934E+00,+692.617997E-03
+22.500E-06,+1.352971441E+00,+695.781812E-03
+22.600E-06,+1.353899992E+00,+696.879016E-03
+22.700E-06,+1.354051095E+00,+698.326350E-03
+22.800E-06,+1.355377052E+00,+699.815779E-03
+22.900E-06,+1.355422510E+00,+701.878775E-03
+23.000E-06,+1.355092048E+00,+702.708481E-03
+23.100E-06,+1.356523427E+00,+704.538857E-03
+23.200E-06,+1.356327392E+00,+706.934685E-03
+23.300E-06,+1.357019349E+00,+710.017838E-03
+23.400E-06,+1.357785515E+00,+714.031017E-03
+23.500E-06,+1.357939066E+00,+715.211745E-03
+23.600E-06,+1.357721556E+00,+717.086754E-03
+23.700E-06,+1.357346877E+00,+717.752120E-03
+23.800E-06,+1.358855828E+00,+720.358972E-03
+23.900E-06,+1.359964192E+00,+722.161270E-03
+24.000E-06,+1.360987021E+00,+723.349202E-03
+24.100E-06,+1.361688889E+00,+726.082065E-03
+24.200E-06,+1.361705219E+00,+728.942911E-03
+24.300E-06,+1.362131724E+00,+731.546612E-03
+24.400E-06,+1.361734732E+00,+734.193673E-03
+24.500E-06,+1.362374917E+00,+735.690030E-03
+24.600E-06,+1.363950605E+00,+737.821221E-03
+24.700E-06,+1.363961065E+00,+738.928537E-03
+24.800E-06,+1.364513218E+00,+741.401007E-03
+24.900E-06,+1.365995031E+00,+744.455978E-03
+25.000E-06,+1.365316883E+00,+746.015515E-03
+25.100E-06,+1.367082623E+00,+748.789388E-03
+25.200E-06,+1.365937752E+00,+751.279003E-03
+25.300E-06,+1.367475875E+00,+753.757633E-03
+25.400E-06,+1.367108316E+00,+754.995549E-03
+25.500E-06,+1.367400433E+00,+757.428455E-03
+25.600E-06,+1.367446833E+00,+759.339251E-03
+25.700E-06,+1.368544028E+00,+761.376370E-03
+25.800E-06,+1.368049092E+00,+763.498632E-03
+25.900E-06,+1.368605051E+00,+765.572297E-03
+26.000E-06,+1.369093509E+00,+768.386091E-03
+26.100E-06,+1.368877119E+00,+771.970758E-03
+26.200E-06,+1.368733437E+00,+774.018892E-03
+26.300E-06,+1.368734754E+00,+775.325800E-03
+26.400E-06,+1.370624227E+00,+777.745894E-03
+26.500E-06,+1.369986570E+00,+779.927272E-03
+26.600E-06,+1.369793110E+00,+781.931498E-03
+26.700E-06,+1.371254051E+00,+782.984410E-03
+26.800E-06,+1.370585944E+00,+786.554797E-03
+26.900E-06,+1.371538641E+00,+790.542378E-03
+27.000E-06,+1.371089255E+00,+792.599361E-03
+27.100E-06,+1.371801133E+00,+793.970162E-03
+27.200E-06,+1.370908241E+00,+797.896767E-03
+27.300E-06,+1.370325256E+00,+798.578970E-03
+27.400E-06,+1.370689863E+00,+799.559010E-03
+27.500E-06,+1.370862868E+00,+802.551645E-03
+27.600E-06,+1.372958622E+00,+805.951632E-03
+27.700E-06,+1.370759154E+00,+807.287108E-03
+27.800E-06,+1.372208848E+00,+812.400481E-03
+27.900E-06,+1.370590593E+00,+812.654430E-03
+28.000E-06,+1.371347843E+00,+815.210314E-03
+28.100E-06,+1.370429574E+00,+817.272282E-03
+28.200E-06,+1.371096695E+00,+819.802449E-03
+28.300E-06,+1.372385564E+00,+821.004924E-03
+28.400E-06,+1.371542678E+00,+823.215106E-03
+28.500E-06,+1.371464202E+00,+827.533023E-03
+28.600E-06,+1.369790167E+00,+830.050525E-03
+28.700E-06,+1.370217013E+00,+832.270896E-03
+28.800E-06,+1.368303437E+00,+834.257282E-03
+28.900E-06,+1.371327908E+00,+837.715246E-03
+29.000E-06,+1.370076064E+00,+838.997106E-03
+29.100E-06,+1.370038610E+00,+841.865891E-03
+29.200E-06,+1.369604849E+00,+844.385855E-03
+29.300E-06,+1.369193245E+00,+845.840090E-03
+29.400E-06,+1.367825794E+00,+849.237063E-03
+29.500E-06,+1.369033354E+00,+851.766916E-03
+29.600E-06,+1.368552566E+00,+854.458593E-03
+29.700E-06,+1.367846208E+00,+856.744943E-03
+29.800E-06,+1.368361122E+00,+858.996725E-03
+29.900E-06,+1.366852103E+00,+860.435207E-03
+30.000E-06,+1.368092682E+00,+864.087936E-03
+30.100E-06,+1.366550551E+00,+868.101758E-03
+30.200E-06,+1.367131581E+00,+870.626883E-03
+30.300E-06,+1.365525124E+00,+872.421799E-03
+30.400E-06,+1.366258480E+00,+875.041151E-03
+30.500E-06,+1.365515622E+00,+877.107802E-03
+30.600E-06,+1.362265094E+00,+880.699086E-03
+30.700E-06,+1.363951744E+00,+881.760671E-03
+30.800E-06,+1.362514676E+00,+885.936399E-03
+30.900E-06,+1.363675329E+00,+888.634173E-03
+31.000E-06,+1.362398407E+00,+891.256708E-03
+31.100E-06,+1.361301285E+00,+894.876136E-03
+31.200E-06,+1.360693187E+00,+896.145254E-03
+31.300E-06,+1.359606113E+00,+898.863615E-03
+31.400E-06,+1.360784248E+00,+901.033632E-03
+31.500E-06,+1.359681770E+00,+903.420663E-03
+31.600E-06,+1.358862075E+00,+906.440778E-03
+31.700E-06,+1.358463420E+00,+908.449164E-03
+31.800E-06,+1.357092534E+00,+912.217649E-03
+31.900E-06,+1.357373293E+00,+913.269376E-03
+32.000E-06,+1.357585435E+00,+915.501276E-03
+32.100E-06,+1.356812868E+00,+918.002779E-03
+32.200E-06,+1.356893272E+00,+920.894010E-03
+32.300E-06,+1.355696633E+00,+922.994695E-03
+32.400E-06,+1.355286497E+00,+927.385703E-03
+32.500E-06,+1.354543752E+00,+929.283131E-03
+32.600E-06,+1.354825959E+00,+933.084944E-03
+32.700E-06,+1.353900977E+00,+935.011575E-03
+32.800E-06,+1.353370308E+00,+938.236713E-03
+32.900E-06,+1.353086485E+00,+939.244701E-03
+33.000E-06,+1.353185254E+00,+941.599267E-03
+33.100E-06,+1.351027799E+00,+944.273971E-03
+33.200E-06,+1.350831402E+00,+947.920426E-03
+33.300E-06,+1.351614824E+00,+950.976548E-03
+33.400E-06,+1.350398529E+00,+953.211112E-03
+33.500E-06,+1.349156281E+00,+954.992817E-03
+33.600E-06,+1.347573055E+00,+958.317385E-03
+33.700E-06,+1.348443301E+00,+960.513859E-03
+33.800E-06,+1.347683825E+00,+962.981186E-03
+33.900E-06,+1.346812120E+00,+965.843445E-03
+34.000E-06,+1.344509064E+00,+968.051978E-03
+34.100E-06,+1.342917718E+00,+971.171021E-03
+34.200E-06,+1.341856048E+00,+974.293268E-03
+34.300E-06,+1.341839595E+00,+974.061299E-03
+34.400E-06,+1.340262357E+00,+978.605533E-03
+34.500E-06,+1.339109500E+00,+979.537523E-03
+34.600E-06,+1.337893043E+00,+981.545855E-03
+34.700E-06,+1.337419768E+00,+982.844164E-03
+34.800E-06,+1.337108192E+00,+986.779132E-03
+34.900E-06,+1.335714898E+00,+988.921762E-03
+35.000E-06,+1.335225290E+00,+992.053387E-03
+35.100E-06,+1.333918052E+00,+994.730683E-03
+35.200E-06,+1.333571960E+00,+997.103193E-03
+35.300E-06,+1.334335092E+00,+1.001278174E+00
+35.400E-06,+1.333045902E+00,+1.002699553E+00
+35.500E-06,+1.332394405E+00,+1.006156370E+00
+35.600E-06,+1.332254794E+00,+1.008216577E+00
+35.700E-06,+1.330266978E+00,+1.011165379E+00
+35.800E-06,+1.330292651E+00,+1.014543541E+00
+35.900E-06,+1.328610982E+00,+1.016990702E+00
+36.000E-06,+1.328523922E+00,+1.019422980E+00
+36.100E-06,+1.326052537E+00,+1.022435855E+00
+36.200E-06,+1.325712759E+00,+1.025847723E+00
+36.300E-06,+1.324183196E+00,+1.027217767E+00
+36.400E-06,+1.322362349E+00,+1.030462141E+00
+36.500E-06,+1.322575005E+00,+1.031095809E+00
+36.600E-06,+1.320014131E+00,+1.035743627E+00
+36.700E-06,+1.318590756E+00,+1.037360232E+00
+36.800E-06,+1.317985436E+00,+1.038922890E+00
+36.900E-06,+1.315989694E+00,+1.040599862E+00
+37.000E-06,+1.316405915E+00,+1.043333758E+00
+37.100E-06,+1.313978307E+00,+1.044948231E+00
+37.200E-06,+1.313667691E+00,+1.049310199E+00
+37.300E-06,+1.312983910E+00,+1.052072087E+00
+37.400E-06,+1.311410183E+00,+1.053533853E+00
+37.500E-06,+1.311108843E+00,+1.056409105E+00
+37.600E-06,+1.309265423E+00,+1.059132763E+00
+37.700E-06,+1.308715581E+00,+1.061565319E+00
+37.800E-06,+1.308199055E+00,+1.063399087E+00
+37.900E-06,+1.305161069E+00,+1.065529062E+00
+38.000E-06,+1.304101206E+00,+1.069599455E+00
+38.100E-06,+1.302180548E+00,+1.071906384E+00
+38.200E-06,+1.301844304E+00,+1.074215905E+00
+38.300E-06,+1.298629023E+00,+1.077334634E+00
+38.400E-06,+1.297694537E+00,+1.081103576E+00
+38.500E-06,+1.297120290E+00,+1.081840692E+00
+38.600E-06,+1.296624564E+00,+1.083837336E+00
+38.700E-06,+1.295327145E+00,+1.086542600E+00
+38.800E-06,+1.294545508E+00,+1.090535888E+00
+38.900E-06,+1.292481456E+00,+1.093024183E+00
+39.000E-06,+1.291634099E+00,+1.094410474E+00
+39.100E-06,+1.289711816E+00,+1.096739869E+00
+39.200E-06,+1.287975941E+00,+1.100071518E+00
+39.300E-06,+1.287035242E+00,+1.102982882E+00
+39.400E-06,+1.285303822E+00,+1.104339968E+00
+39.500E-06,+1.283905183E+00,+1.108093789E+00
+39.600E-06,+1.282355576E+00,+1.110545690E+00
+39.700E-06,+1.279436776E+00,+1.113380394E+00
+39.800E-06,+1.278381053E+00,+1.115400105E+00
+39.900E-06,+1.277240287E+00,+1.119668097E+00
+40.000E-06,+1.275338442E+00,+1.121400320E+00
+40.100E-06,+1.275232192E+00,+1.122298092E+00
+40.200E-06,+1.274074465E+00,+1.127761459E+00
+40.300E-06,+1.272983687E+00,+1.129155217E+00
+40.400E-06,+1.272183773E+00,+1.131749709E+00
+40.500E-06,+1.269599182E+00,+1.134509410E+00
+40.600E-06,+1.268089497E+00,+1.137346916E+00
+40.700E-06,+1.265677362E+00,+1.139047233E+00
+40.800E-06,+1.263968638E+00,+1.141731694E+00
+40.900E-06,+1.261534075E+00,+1.143276473E+00
+41.000E-06,+1.261067421E+00,+1.145287155E+00
+41.100E-06,+1.258321772E+00,+1.146801772E+00
+41.200E-06,+1.256909388E+00,+1.149979538E+00
+41.300E-06,+1.255697450E+00,+1.153493039E+00
+41.400E-06,+1.255495190E+00,+1.155617777E+00
+41.500E-06,+1.254232168E+00,+1.157203104E+00
+41.600E-06,+1.253291935E+00,+1.160598810E+00
+41.700E-06,+1.251913488E+00,+1.161989529E+00
+41.800E-06,+1.248627084E+00,+1.163023903E+00
+41.900E-06,+1.249784894E+00,+1.166978632E+00
+42.000E-06,+1.246336991E+00,+1.169623988E+00
+42.100E-06,+1.244535361E+00,+1.171243748E+00
+42.200E-06,+1.242451335E+00,+1.173489693E+00
+42.300E-06,+1.241137146E+00,+1.174564986E+00
+42.400E-06,+1.238288491E+00,+1.179006129E+00
+42.500E-06,+1.237083643E+00,+1.179764877E+00
+42.600E-06,+1.235556297E+00,+1.181857886E+00
+42.700E-06,+1.234782939E+00,+1.185722329E+00
+42.800E-06,+1.232910073E+00,+1.186508961E+00
+42.900E-06,+1.232586452E+00,+1.188739697E+00
+43.000E-06,+1.230418483E+00,+1.191600470E+00
+43.100E-06,+1.228397877E+00,+1.195165833E+00
+43.200E-06,+1.227769933E+00,+1.196217328E+00
+43.300E-06,+1.224666762E+00,+1.198890377E+00
+43.400E-06,+1.223091863E+00,+1.201422453E+00
+43.500E-06,+1.220759223E+00,+1.203612245E+00
+43.600E-06,+1.218653209E+00,+1.205034094E+00
+43.700E-06,+1.217577018E+00,+1.208551037E+00
+43.800E-06,+1.214900044E+00,+1.211162602E+00
+43.900E-06,+1.214454959E+00,+1.214577881E+00
+44.000E-06,+1.211654895E+00,+1.215878448E+00
+44.100E-06,+1.211719816E+00,+1.217935401E+00
+44.200E-06,+1.210024898E+00,+1.218352063E+00
+44.300E-06,+1.207562458E+00,+1.221441090E+00
+44.400E-06,+1.205844639E+00,+1.223053385E+00
+44.500E-06,+1.203322982E+00,+1.224384367E+00
+44.600E-06,+1.200457233E+00,+1.226753854E+00
+44.700E-06,+1.198598636E+00,+1.229391015E+00
+44.800E-06,+1.198264687E+00,+1.232443437E+00
+44.900E-06,+1.196081904E+00,+1.235324864E+00
+45.000E-06,+1.194371975E+00,+1.236987374E+00
+45.100E-06,+1.193126827E+00,+1.239292306E+00
+45.200E-06,+1.191320863E+00,+1.240828731E+00
+45.300E-06,+1.190020370E+00,+1.243359541E+00
+45.400E-06,+1.189190864E+00,+1.245397739E+00
+45.500E-06,+1.185838072E+00,+1.247505293E+00
+45.600E-06,+1.184576335E+00,+1.250186724E+00
+45.700E-06,+1.181105472E+00,+1.252472678E+00
+45.800E-06,+1.178516380E+00,+1.254628069E+00
+45.900E-06,+1.177048790E+00,+1.257349043E+00
+46.000E-06,+1.176024913E+00,+1.258688019E+00
+46.100E-06,+1.174331683E+00,+1.260871971E+00
+46.200E-06,+1.172829646E+00,+1.262428292E+00
+46.300E-06,+1.170476856E+00,+1.264814759E+00
+46.400E-06,+1.168488164E+00,+1.266024771E+00
+46.500E-06,+1.165277198E+00,+1.269411821E+00
+46.600E-06,+1.163285177E+00,+1.271413065E+00
+46.700E-06,+1.160133081E+00,+1.274435777E+00
+46.800E-06,+1.159286846E+00,+1.276909625E+00
+46.900E-06,+1.157995518E+00,+1.278090438E+00
+47.000E-06,+1.155448419E+00,+1.278926440E+00
+47.100E-06,+1.152616619E+00,+1.281239757E+00
+47.200E-06,+1.151999810E+00,+1.282665674E+00
+47.300E-06,+1.150153892E+00,+1.284523333E+00
+47.400E-06,+1.148021055E+00,+1.287073529E+00
+47.500E-06,+1.145284433E+00,+1.288063549E+00
+47.600E-06,+1.143255944E+00,+1.289183623E+00
+47.700E-06,+1.140273506E+00,+1.292132424E+00
+47.800E-06,+1.138490489E+00,+1.294835802E+00
+47.900E-06,+1.137234604E+00,+1.296143447E+00
+48.000E-06,+1.134477894E+00,+1.297957427E+00
+48.100E-06,+1.132602629E+00,+1.299638204E+00
+48.200E-06,+1.130560518E+00,+1.300596174E+00
+48.300E-06,+1.129557688E+00,+1.302212236E+00
+48.400E-06,+1.126163473E+00,+1.304014161E+00
+48.500E-06,+1.124260566E+00,+1.305639246E+00
+48.600E-06,+1.121125210E+00,+1.306304978E+00
+48.700E-06,+1.119099030E+00,+1.308836436E+00
+48.800E-06,+1.117315541E+00,+1.311605206E+00
+48.900E-06,+1.114194552E+00,+1.314138853E+00
+49.000E-06,+1.113220550E+00,+1.317498170E+00
+49.100E-06,+1.111561774E+00,+1.317824810E+00
+49.200E-06,+1.108803388E+00,+1.318243837E+00
+49.300E-06,+1.106253569E+00,+1.320161487E+00
+49.400E-06,+1.104726531E+00,+1.321999597E+00
+49.500E-06,+1.104144775E+00,+1.322144070E+00
+49.600E-06,+1.100561166E+00,+1.324296589E+00
+49.700E-06,+1.097474071E+00,+1.325503196E+00
+49.800E-06,+1.095689529E+00,+1.327409951E+00
+49.900E-06,+1.094316748E+00,+1.329361596E+00
+50.000E-06,+1.093050278E+00,+1.331589127E+00
+50.100E-06,+1.090579488E+00,+1.334461720E+00
+50.200E-06,+1.088473147E+00,+1.336034681E+00
+50.300E-06,+1.085991635E+00,+1.337678018E+00
+50.400E-06,+1.084141148E+00,+1.338920930E+00
+50.500E-06,+1.081312411E+00,+1.340923674E+00
+50.600E-06,+1.080289505E+00,+1.340766639E+00
+50.700E-06,+1.077190429E+00,+1.343621219E+00
+50.800E-06,+1.075328821E+00,+1.345996415E+00
+50.900E-06,+1.073490334E+00,+1.347277141E+00
+51.000E-06,+1.071430020E+00,+1.348371022E+00
+51.100E-06,+1.069663185E+00,+1.350953335E+00
+51.200E-06,+1.067823552E+00,+1.352939397E+00
+51.300E-06,+1.065973560E+00,+1.354830200E+00
+51.400E-06,+1.063988251E+00,+1.356695265E+00
+51.500E-06,+1.060207765E+00,+1.357765153E+00
+51.600E-06,+1.057783023E+00,+1.358228154E+00
+51.700E-06,+1.054935470E+00,+1.360296296E+00
+51.800E-06,+1.053724979E+00,+1.360890152E+00
+51.900E-06,+1.051937123E+00,+1.362446654E+00
+52.000E-06,+1.050614112E+00,+1.364067545E+00
+52.100E-06,+1.048715250E+00,+1.365937348E+00
+52.200E-06,+1.045373565E+00,+1.367707189E+00
+52.300E-06,+1.043907568E+00,+1.367875060E+00
+52.400E-06,+1.040237973E+00,+1.369400878E+00
+52.500E-06,+1.038945751E+00,+1.371779247E+00
+52.600E-06,+1.035627628E+00,+1.373279842E+00
+52.700E-06,+1.033606745E+00,+1.375945231E+00
+52.800E-06,+1.032350681E+00,+1.377014459E+00
+52.900E-06,+1.030465168E+00,+1.377440836E+00
+53.000E-06,+1.027625225E+00,+1.378384886E+00
+53.100E-06,+1.025131147E+00,+1.379764944E+00
+53.200E-06,+1.023119427E+00,+1.381152948E+00
+53.300E-06,+1.021433591E+00,+1.382028644E+00
+53.400E-06,+1.018711187E+00,+1.382080228E+00
+53.500E-06,+1.016632646E+00,+1.383106131E+00
+53.600E-06,+1.014638995E+00,+1.384447383E+00
+53.700E-06,+1.013445994E+00,+1.386428501E+00
+53.800E-06,+1.012326730E+00,+1.386167510E+00
+53.900E-06,+1.010002188E+00,+1.389211990E+00
+54.000E-06,+1.007126587E+00,+1.390417614E+00
+54.100E-06,+1.004410324E+00,+1.391410483E+00
+54.200E-06,+1.002209193E+00,+1.394038179E+00
+54.300E-06,+1.001151340E+00,+1.394877930E+00
+54.400E-06,+997.985162E-03,+1.395960667E+00
+54.500E-06,+995.443961E-03,+1.396652797E+00
+54.600E-06,+993.829629E-03,+1.398657063E+00
+54.700E-06,+991.981516E-03,+1.398795271E+00
+54.800E-06,+990.654949E-03,+1.399686742E+00
+54.900E-06,+988.743010E-03,+1.400377624E+00
+55.000E-06,+986.749766E-03,+1.402535678E+00
+55.100E-06,+985.112113E-03,+1.402295699E+00
+55.200E-06,+980.822641E-03,+1.403284150E+00
+55.300E-06,+979.524973E-03,+1.403178470E+00
+55.400E-06,+975.920745E-03,+1.404256465E+00
+55.500E-06,+974.879046E-03,+1.404333077E+00
+55.600E-06,+971.941228E-03,+1.405857719E+00
+55.700E-06,+970.479060E-03,+1.406666923E+00
+55.800E-06,+968.546808E-03,+1.409686881E+00
+55.900E-06,+967.314986E-03,+1.409103305E+00
+56.000E-06,+964.864710E-03,+1.411284839E+00
+56.100E-06,+961.832621E-03,+1.411540491E+00
+56.200E-06,+959.244031E-03,+1.416004714E+00
+56.300E-06,+957.125915E-03,+1.413622167E+00
+56.400E-06,+954.564358E-03,+1.415909829E+00
+56.500E-06,+952.813677E-03,+1.416183083E+00
+56.600E-06,+952.143449E-03,+1.417276638E+00
+56.700E-06,+950.414233E-03,+1.417973302E+00
+56.800E-06,+949.789163E-03,+1.419058637E+00
+56.900E-06,+945.716259E-03,+1.419517282E+00
+57.000E-06,+944.900859E-03,+1.419810572E+00
+57.100E-06,+940.933681E-03,+1.420095176E+00
+57.200E-06,+938.817206E-03,+1.420814994E+00
+57.300E-06,+936.217578E-03,+1.421286941E+00
+57.400E-06,+934.226505E-03,+1.422303029E+00
+57.500E-06,+933.815435E-03,+1.422118457E+00
+57.600E-06,+931.523367E-03,+1.424117434E+00
+57.700E-06,+928.820534E-03,+1.422683706E+00
+57.800E-06,+927.571565E-03,+1.424899606E+00
+57.900E-06,+925.003994E-03,+1.424285363E+00
+58.000E-06,+922.785312E-03,+1.425470953E+00
+58.100E-06,+920.502234E-03,+1.426492702E+00
+58.200E-06,+917.924363E-03,+1.426852733E+00
+58.300E-06,+915.863172E-03,+1.426222777E+00
+58.400E-06,+914.183307E-03,+1.428705397E+00
+58.500E-06,+912.100315E-03,+1.428939567E+00
+58.600E-06,+910.672930E-03,+1.430600700E+00
+58.700E-06,+909.686057E-03,+1.430263734E+00
+58.800E-06,+907.506173E-03,+1.429356383E+00
+58.900E-06,+903.299661E-03,+1.431128139E+00
+59.000E-06,+902.178002E-03,+1.431827864E+00
+59.100E-06,+899.656721E-03,+1.433077689E+00
+59.200E-06,+898.589038E-03,+1.432348663E+00
+59.300E-06,+894.973037E-03,+1.433920756E+00
+59.400E-06,+892.696913E-03,+1.435047987E+00
+59.500E-06,+891.954371E-03,+1.435774214E+00
+59.600E-06,+890.340878E-03,+1.435954775E+00
+59.700E-06,+887.682458E-03,+1.435108721E+00
+59.800E-06,+885.625048E-03,+1.435485902E+00
+59.900E-06,+881.844626E-03,+1.434969560E+00
+60.000E-06,+878.651913E-03,+1.435158286E+00
+60.100E-06,+877.481671E-03,+1.436836176E+00
+60.200E-06,+875.151743E-03,+1.435810370E+00
+60.300E-06,+873.774893E-03,+1.436430527E+00
+60.400E-06,+872.572241E-03,+1.437222445E+00
+60.500E-06,+870.574310E-03,+1.437064479E+00
+60.600E-06,+869.812752E-03,+1.437875308E+00
+60.700E-06,+868.188264E-03,+1.438087350E+00
+60.800E-06,+865.123854E-03,+1.437166190E+00
+60.900E-06,+862.949448E-03,+1.436811651E+00
+61.000E-06,+860.102406E-03,+1.438197256E+00
+61.100E-06,+857.532559E-03,+1.438846631E+00
+61.200E-06,+856.215399E-03,+1.438049929E+00
+61.300E-06,+854.218491E-03,+1.437722383E+00
+61.400E-06,+853.759175E-03,+1.438449503E+00
+61.500E-06,+851.318145E-03,+1.438697912E+00
+61.600E-06,+850.641280E-03,+1.439919952E+00
+61.700E-06,+847.921751E-03,+1.438892602E+00
+61.800E-06,+846.458137E-03,+1.438274109E+00
+61.900E-06,+843.930363E-03,+1.438921940E+00
+62.000E-06,+841.585945E-03,+1.439066677E+00
+62.100E-06,+838.755747E-03,+1.438602051E+00
+62.200E-06,+837.466350E-03,+1.439108759E+00
+62.300E-06,+835.105513E-03,+1.438794597E+00
+62.400E-06,+833.026247E-03,+1.438433907E+00
+62.500E-06,+832.085255E-03,+1.437046839E+00
+62.600E-06,+830.453670E-03,+1.438249372E+00
+62.700E-06,+829.319084E-03,+1.438474708E+00
+62.800E-06,+826.450434E-03,+1.437950984E+00
+62.900E-06,+826.108533E-03,+1.438152798E+00
+63.000E-06,+822.637578E-03,+1.438799767E+00
+63.100E-06,+819.826888E-03,+1.436510224E+00
+63.200E-06,+819.286444E-03,+1.437219526E+00
+63.300E-06,+816.480984E-03,+1.437674268E+00
+63.400E-06,+814.703885E-03,+1.436770247E+00
+63.500E-06,+813.580406E-03,+1.437402070E+00
+63.600E-06,+811.347941E-03,+1.436227959E+00
+63.700E-06,+810.199696E-03,+1.437215219E+00
+63.800E-06,+806.033004E-03,+1.435441625E+00
+63.900E-06,+805.659871E-03,+1.435868305E+00
+64.000E-06,+804.383928E-03,+1.435380332E+00
+64.100E-06,+801.497724E-03,+1.435873293E+00
+64.200E-06,+799.337925E-03,+1.434296851E+00
+64.300E-06,+797.389274E-03,+1.432948902E+00
+64.400E-06,+796.181429E-03,+1.434656303E+00
+64.500E-06,+793.099254E-03,+1.434381762E+00
+64.600E-06,+792.010107E-03,+1.432267213E+00
+64.700E-06,+790.820760E-03,+1.431604000E+00
+64.800E-06,+790.074427E-03,+1.432635038E+00
+64.900E-06,+786.898860E-03,+1.429927755E+00
+65.000E-06,+785.885135E-03,+1.430290618E+00
+65.100E-06,+785.059873E-03,+1.428934397E+00
+65.200E-06,+782.380381E-03,+1.429113617E+00
+65.300E-06,+780.067054E-03,+1.428970401E+00
+65.400E-06,+776.153089E-03,+1.426877514E+00
+65.500E-06,+774.132158E-03,+1.428105875E+00
+65.600E-06,+774.010598E-03,+1.426113807E+00
+65.700E-06,+772.373994E-03,+1.426366794E+00
+65.800E-06,+770.958953E-03,+1.424856127E+00
+65.900E-06,+769.947077E-03,+1.425042857E+00
+66.000E-06,+769.025082E-03,+1.423859956E+00
+66.100E-06,+767.446745E-03,+1.424169650E+00
+66.200E-06,+765.788030E-03,+1.422486876E+00
+66.300E-06,+763.368342E-03,+1.421905237E+00
+66.400E-06,+760.782038E-03,+1.421252835E+00
+66.500E-06,+759.914355E-03,+1.421413880E+00
+66.600E-06,+756.878966E-03,+1.420562122E+00
+66.700E-06,+756.418638E-03,+1.419351811E+00
+66.800E-06,+754.481573E-03,+1.419225538E+00
+66.900E-06,+753.727551E-03,+1.419110274E+00
+67.000E-06,+751.604428E-03,+1.418355705E+00
+67.100E-06,+750.868842E-03,+1.417296449E+00
+67.200E-06,+749.359935E-03,+1.415547949E+00
+67.300E-06,+748.430050E-03,+1.415522139E+00
+67.400E-06,+747.642403E-03,+1.414956786E+00
+67.500E-06,+745.301221E-03,+1.413695337E+00
+67.600E-06,+744.192171E-03,+1.412442655E+00
+67.700E-06,+740.322066E-03,+1.411229391E+00
+67.800E-06,+741.015587E-03,+1.410376350E+00
+67.900E-06,+736.795657E-03,+1.408298541E+00
+68.000E-06,+735.565492E-03,+1.408063810E+00
+68.100E-06,+734.311436E-03,+1.405862887E+00
+68.200E-06,+734.436802E-03,+1.405418999E+00
+68.300E-06,+732.891062E-03,+1.404758473E+00
+68.400E-06,+731.075202E-03,+1.404461048E+00
+68.500E-06,+730.907084E-03,+1.402967164E+00
+68.600E-06,+730.082904E-03,+1.402618527E+00
+68.700E-06,+728.404857E-03,+1.401464408E+00
+68.800E-06,+728.658788E-03,+1.400698883E+00
+68.900E-06,+725.499104E-03,+1.400041647E+00
+69.000E-06,+723.608988E-03,+1.398830094E+00
+69.100E-06,+723.619752E-03,+1.398399364E+00
+69.200E-06,+720.264625E-03,+1.397012734E+00
+69.300E-06,+718.830858E-03,+1.396382833E+00
+69.400E-06,+717.047582E-03,+1.394477059E+00
+69.500E-06,+715.977705E-03,+1.395370464E+00
+69.600E-06,+713.416637E-03,+1.391358186E+00
+69.700E-06,+712.306091E-03,+1.390103988E+00
+69.800E-06,+712.311839E-03,+1.389320684E+00
+69.900E-06,+710.873947E-03,+1.386301381E+00
+70.000E-06,+710.048603E-03,+1.386693277E+00
+70.100E-06,+709.928993E-03,+1.385501276E+00
+70.200E-06,+707.071691E-03,+1.383900691E+00
+70.300E-06,+707.403264E-03,+1.382866563E+00
+70.400E-06,+705.184468E-03,+1.381791750E+00
+70.500E-06,+703.694799E-03,+1.380764807E+00
+70.600E-06,+702.988026E-03,+1.379764433E+00
+70.700E-06,+701.069820E-03,+1.378621959E+00
+70.800E-06,+697.607729E-03,+1.377218724E+00
+70.900E-06,+698.135730E-03,+1.375265598E+00
+71.000E-06,+695.661550E-03,+1.375538351E+00
+71.100E-06,+694.188658E-03,+1.373828111E+00
+71.200E-06,+693.646484E-03,+1.371064540E+00
+71.300E-06,+693.122068E-03,+1.368149776E+00
+71.400E-06,+691.236888E-03,+1.368618911E+00
+71.500E-06,+690.365746E-03,+1.366176999E+00
+71.600E-06,+690.147953E-03,+1.365086323E+00
+71.700E-06,+688.496725E-03,+1.363458222E+00
+71.800E-06,+687.867516E-03,+1.362301505E+00
+71.900E-06,+685.339438E-03,+1.360629454E+00
+72.000E-06,+685.909447E-03,+1.360467439E+00
+72.100E-06,+682.898030E-03,+1.358799439E+00
+72.200E-06,+681.559070E-03,+1.357526599E+00
+72.300E-06,+680.279636E-03,+1.356288375E+00
+72.400E-06,+679.610797E-03,+1.354682921E+00
+72.500E-06,+677.246734E-03,+1.352405966E+00
+72.600E-06,+675.910038E-03,+1.349979491E+00
+72.700E-06,+673.794145E-03,+1.347754704E+00
+72.800E-06,+674.453625E-03,+1.345248511E+00
+72.900E-06,+674.540740E-03,+1.344879905E+00
+73.000E-06,+671.987050E-03,+1.343987069E+00
+73.100E-06,+672.172473E-03,+1.342258473E+00
+73.200E-06,+670.713028E-03,+1.339519839E+00
+73.300E-06,+670.568535E-03,+1.338080332E+00
+73.400E-06,+669.331093E-03,+1.335881834E+00
+73.500E-06,+668.597257E-03,+1.335045318E+00
+73.600E-06,+668.560610E-03,+1.332873003E+00
+73.700E-06,+667.725159E-03,+1.331045097E+00
+73.800E-06,+665.260760E-03,+1.328969078E+00
+73.900E-06,+664.939357E-03,+1.327930657E+00
+74.000E-06,+662.760870E-03,+1.325002336E+00
+74.100E-06,+661.771467E-03,+1.322686703E+00
+74.200E-06,+661.234281E-03,+1.321421921E+00
+74.300E-06,+659.940516E-03,+1.321266925E+00
+74.400E-06,+657.795115E-03,+1.318773416E+00
+74.500E-06,+657.837211E-03,+1.317791260E+00
+74.600E-06,+656.044726E-03,+1.316085849E+00
+74.700E-06,+656.134155E-03,+1.313908258E+00
+74.800E-06,+655.782119E-03,+1.312397740E+00
+74.900E-06,+654.440053E-03,+1.309609829E+00
+75.000E-06,+653.379529E-03,+1.307245961E+00
+75.100E-06,+653.542794E-03,+1.306690006E+00
+75.200E-06,+652.414137E-03,+1.303103891E+00
+75.300E-06,+652.096919E-03,+1.301608470E+00
+75.400E-06,+651.617539E-03,+1.300611396E+00
+75.500E-06,+651.947517E-03,+1.299823336E+00
+75.600E-06,+650.695193E-03,+1.296351977E+00
+75.700E-06,+650.897444E-03,+1.295657359E+00
+75.800E-06,+649.864705E-03,+1.293992846E+00
+75.900E-06,+649.324819E-03,+1.292497084E+00
+76.000E-06,+649.200727E-03,+1.290066349E+00
+76.100E-06,+648.549153E-03,+1.288080888E+00
+76.200E-06,+648.969916E-03,+1.285680919E+00
+76.300E-06,+647.999146E-03,+1.284564667E+00
+76.400E-06,+646.554410E-03,+1.281962033E+00
+76.500E-06,+647.073940E-03,+1.280148410E+00
+76.600E-06,+644.775051E-03,+1.278957811E+00
+76.700E-06,+645.922306E-03,+1.277614946E+00
+76.800E-06,+644.902236E-03,+1.275104930E+00
+76.900E-06,+644.645754E-03,+1.273167025E+00
+77.000E-06,+643.956093E-03,+1.269437754E+00
+77.100E-06,+643.900936E-03,+1.268975181E+00
+77.200E-06,+642.336219E-03,+1.264801440E+00
+77.300E-06,+642.373023E-03,+1.263574028E+00
+77.400E-06,+639.360076E-03,+1.262524021E+00
+77.500E-06,+639.636871E-03,+1.260742233E+00
+77.600E-06,+640.127399E-03,+1.258658085E+00
+77.700E-06,+638.665694E-03,+1.256599628E+00
+77.800E-06,+638.032039E-03,+1.254511355E+00
+77.900E-06,+637.248790E-03,+1.250815896E+00
+78.000E-06,+636.954634E-03,+1.248561907E+00
+78.100E-06,+636.096150E-03,+1.245681841E+00
+78.200E-06,+635.887704E-03,+1.244754176E+00
+78.300E-06,+635.043503E-03,+1.242247722E+00
+78.400E-06,+634.623329E-03,+1.239422939E+00
+78.500E-06,+634.754607E-03,+1.237381773E+00
+78.600E-06,+633.390747E-03,+1.235432558E+00
+78.700E-06,+633.875720E-03,+1.233163798E+00
+78.800E-06,+633.361431E-03,+1.230069216E+00
+78.900E-06,+633.403383E-03,+1.229219665E+00
+79.000E-06,+633.749045E-03,+1.226198685E+00
+79.100E-06,+633.681706E-03,+1.223529677E+00
+79.200E-06,+632.507696E-03,+1.221540637E+00
+79.300E-06,+633.075294E-03,+1.219780048E+00
+79.400E-06,+633.102137E-03,+1.218512802E+00
+79.500E-06,+633.856901E-03,+1.215755816E+00
+79.600E-06,+632.752366E-03,+1.213777167E+00
+79.700E-06,+632.415887E-03,+1.211229333E+00
+79.800E-06,+631.615842E-03,+1.209222763E+00
+79.900E-06,+631.890787E-03,+1.206520819E+00
+80.000E-06,+631.213810E-03,+1.204141696E+00
+80.100E-06,+631.520854E-03,+1.200788215E+00
+80.200E-06,+630.985737E-03,+1.199720071E+00
+80.300E-06,+631.595977E-03,+1.198131829E+00
+80.400E-06,+631.084296E-03,+1.195438569E+00
+80.500E-06,+631.290097E-03,+1.192442247E+00
+80.600E-06,+630.256434E-03,+1.189473886E+00
+80.700E-06,+630.298380E-03,+1.187755284E+00
+80.800E-06,+630.820956E-03,+1.184638968E+00
+80.900E-06,+630.813189E-03,+1.182244426E+00
+81.000E-06,+631.121663E-03,+1.180961943E+00
+81.100E-06,+630.361173E-03,+1.178340376E+00
+81.200E-06,+630.218769E-03,+1.175092213E+00
+81.300E-06,+630.245378E-03,+1.175466644E+00
+81.400E-06,+630.598080E-03,+1.172781845E+00
+81.500E-06,+630.124965E-03,+1.169026787E+00
+81.600E-06,+630.583595E-03,+1.166907089E+00
+81.700E-06,+630.104158E-03,+1.163715469E+00
+81.800E-06,+630.305537E-03,+1.161921235E+00
+81.900E-06,+630.848335E-03,+1.159882951E+00
+82.000E-06,+631.049296E-03,+1.159821593E+00
+82.100E-06,+630.160786E-03,+1.156248774E+00
+82.200E-06,+631.156084E-03,+1.154592661E+00
+82.300E-06,+631.827254E-03,+1.150095158E+00
+82.400E-06,+631.223939E-03,+1.148193172E+00
+82.500E-06,+631.082916E-03,+1.147093847E+00
+82.600E-06,+632.266063E-03,+1.143092063E+00
+82.700E-06,+632.181890E-03,+1.140514119E+00
+82.800E-06,+632.282010E-03,+1.138650288E+00
+82.900E-06,+631.805219E-03,+1.136686531E+00
+83.000E-06,+631.982703E-03,+1.134535314E+00
+83.100E-06,+632.784021E-03,+1.131133663E+00
+83.200E-06,+631.605941E-03,+1.130489328E+00
+83.300E-06,+631.609059E-03,+1.125453379E+00
+83.400E-06,+633.547165E-03,+1.123517764E+00
+83.500E-06,+632.994567E-03,+1.120794404E+00
+83.600E-06,+633.799461E-03,+1.118739961E+00
+83.700E-06,+632.795203E-03,+1.115665214E+00
+83.800E-06,+633.517199E-03,+1.114399147E+00
+83.900E-06,+634.902434E-03,+1.110154917E+00
+84.000E-06,+634.699217E-03,+1.106811368E+00
+84.100E-06,+635.541852E-03,+1.104425618E+00
+84.200E-06,+634.862852E-03,+1.102446841E+00
+84.300E-06,+636.697641E-03,+1.100482529E+00
+84.400E-06,+636.105105E-03,+1.097995760E+00
+84.500E-06,+635.987191E-03,+1.095013650E+00
+84.600E-06,+636.546902E-03,+1.093014431E+00
+84.700E-06,+637.436237E-03,+1.090162644E+00
+84.800E-06,+638.467603E-03,+1.086337747E+00
+84.900E-06,+638.196381E-03,+1.083557816E+00
+85.000E-06,+639.933182E-03,+1.081104516E+00
+85.100E-06,+641.229899E-03,+1.079997323E+00
+85.200E-06,+639.811448E-03,+1.077654205E+00
+85.300E-06,+643.241526E-03,+1.074394335E+00
+85.400E-06,+642.517844E-03,+1.071437163E+00
+85.500E-06,+642.871892E-03,+1.069360683E+00
+85.600E-06,+643.384227E-03,+1.067032814E+00
+85.700E-06,+643.767432E-03,+1.063443501E+00
+85.800E-06,+644.717711E-03,+1.061341832E+00
+85.900E-06,+644.752705E-03,+1.059373087E+00
+86.000E-06,+646.297510E-03,+1.056992863E+00
+86.100E-06,+646.725979E-03,+1.053425033E+00
+86.200E-06,+648.046413E-03,+1.052313627E+00
+86.300E-06,+647.224867E-03,+1.049315564E+00
+86.400E-06,+647.830545E-03,+1.046198638E+00
+86.500E-06,+649.153269E-03,+1.042687011E+00
+86.600E-06,+649.334112E-03,+1.041143527E+00
+86.700E-06,+650.469151E-03,+1.039396706E+00
+86.800E-06,+650.022401E-03,+1.037252672E+00
+86.900E-06,+650.475477E-03,+1.035731133E+00
+87.000E-06,+651.647921E-03,+1.032398589E+00
+87.100E-06,+651.279390E-03,+1.029909655E+00
+87.200E-06,+651.489511E-03,+1.026777558E+00
+87.300E-06,+652.953403E-03,+1.025733967E+00
+87.400E-06,+653.179821E-03,+1.022097802E+00
+87.500E-06,+654.297167E-03,+1.018759230E+00
+87.600E-06,+653.894030E-03,+1.018307740E+00
+87.700E-06,+655.371041E-03,+1.015115415E+00
+87.800E-06,+657.057964E-03,+1.011819926E+00
+87.900E-06,+657.340388E-03,+1.008502036E+00
+88.000E-06,+658.530932E-03,+1.004173080E+00
+88.100E-06,+659.881449E-03,+1.003160030E+00
+88.200E-06,+659.627789E-03,+999.722002E-03
+88.300E-06,+660.835831E-03,+996.742677E-03
+88.400E-06,+662.690968E-03,+994.881763E-03
+88.500E-06,+663.470606E-03,+992.103085E-03
+88.600E-06,+665.171353E-03,+989.144299E-03
+88.700E-06,+665.458459E-03,+986.621098E-03
+88.800E-06,+664.938986E-03,+982.865026E-03
+88.900E-06,+668.099853E-03,+982.722813E-03
+89.000E-06,+669.357434E-03,+980.227808E-03
+89.100E-06,+669.881386E-03,+977.622799E-03
+89.200E-06,+670.319352E-03,+974.996017E-03
+89.300E-06,+670.970084E-03,+973.155583E-03
+89.400E-06,+671.587105E-03,+970.022009E-03
+89.500E-06,+672.324882E-03,+967.080579E-03
+89.600E-06,+673.475810E-03,+964.692219E-03
+89.700E-06,+675.014795E-03,+961.883610E-03
+89.800E-06,+676.556628E-03,+959.890333E-03
+89.900E-06,+677.282865E-03,+957.078801E-03
+90.000E-06,+677.949021E-03,+956.682125E-03
+90.100E-06,+679.094622E-03,+953.756435E-03
+90.200E-06,+681.982989E-03,+950.599939E-03
+90.300E-06,+682.399152E-03,+946.978956E-03
+90.400E-06,+683.290508E-03,+944.811396E-03
+90.500E-06,+685.536490E-03,+942.145876E-03
+90.600E-06,+686.959077E-03,+940.007435E-03
+90.700E-06,+687.580313E-03,+937.050399E-03
+90.800E-06,+688.119666E-03,+935.577175E-03
+90.900E-06,+689.843905E-03,+932.182075E-03
+91.000E-06,+691.333013E-03,+930.364623E-03
+91.100E-06,+691.462416E-03,+926.555976E-03
+91.200E-06,+692.615695E-03,+924.200185E-03
+91.300E-06,+695.660519E-03,+921.436000E-03
+91.400E-06,+695.969073E-03,+918.474307E-03
+91.500E-06,+697.298509E-03,+916.870509E-03
+91.600E-06,+698.236107E-03,+913.616563E-03
+91.700E-06,+699.227530E-03,+911.353955E-03
+91.800E-06,+702.715929E-03,+909.069686E-03
+91.900E-06,+704.332395E-03,+906.337093E-03
+92.000E-06,+705.248657E-03,+903.059677E-03
+92.100E-06,+706.010716E-03,+901.247791E-03
+92.200E-06,+708.382111E-03,+899.546778E-03
+92.300E-06,+708.376514E-03,+897.731517E-03
+92.400E-06,+709.634448E-03,+894.327943E-03
+92.500E-06,+710.921734E-03,+893.274016E-03
+92.600E-06,+711.194972E-03,+889.328071E-03
+92.700E-06,+712.846035E-03,+887.823865E-03
+92.800E-06,+714.340318E-03,+883.410091E-03
+92.900E-06,+715.482719E-03,+882.171934E-03
+93.000E-06,+717.022254E-03,+879.978885E-03
+93.100E-06,+719.549225E-03,+876.873795E-03
+93.200E-06,+719.208001E-03,+873.658421E-03
+93.300E-06,+721.293020E-03,+871.997379E-03
+93.400E-06,+723.499595E-03,+868.259923E-03
+93.500E-06,+725.868481E-03,+866.169441E-03
+93.600E-06,+726.708151E-03,+863.146739E-03
+93.700E-06,+727.409735E-03,+859.627140E-03
+93.800E-06,+730.389228E-03,+858.221213E-03
+93.900E-06,+730.992179E-03,+856.102563E-03
+94.000E-06,+731.232672E-03,+853.268310E-03
+94.100E-06,+732.792443E-03,+851.075116E-03
+94.200E-06,+731.940375E-03,+848.894892E-03
+94.300E-06,+733.753542E-03,+845.096877E-03
+94.400E-06,+735.817978E-03,+841.971478E-03
+94.500E-06,+736.702667E-03,+841.299652E-03
+94.600E-06,+738.469287E-03,+838.093249E-03
+94.700E-06,+741.117933E-03,+835.919923E-03
+94.800E-06,+742.147193E-03,+833.221018E-03
+94.900E-06,+743.737198E-03,+831.175647E-03
+95.000E-06,+746.621276E-03,+827.421006E-03
+95.100E-06,+747.859433E-03,+825.370149E-03
+95.200E-06,+749.414885E-03,+822.955720E-03
+95.300E-06,+750.293492E-03,+821.345319E-03
+95.400E-06,+751.772785E-03,+819.157036E-03
+95.500E-06,+752.820212E-03,+816.811752E-03
+95.600E-06,+754.042810E-03,+815.030897E-03
+95.700E-06,+755.591082E-03,+813.178724E-03
+95.800E-06,+756.704287E-03,+810.340832E-03
+95.900E-06,+760.400083E-03,+807.376156E-03
+96.000E-06,+762.391489E-03,+805.320598E-03
+96.100E-06,+763.711476E-03,+801.703236E-03
+96.200E-06,+765.052571E-03,+801.152609E-03
+96.300E-06,+768.305724E-03,+798.100045E-03
+96.400E-06,+769.557140E-03,+796.416823E-03
+96.500E-06,+770.023405E-03,+793.466764E-03
+96.600E-06,+771.581195E-03,+790.672945E-03
+96.700E-06,+773.458501E-03,+789.746551E-03
+96.800E-06,+774.590615E-03,+787.021177E-03
+96.900E-06,+775.855083E-03,+785.101505E-03
+97.000E-06,+779.421242E-03,+781.502090E-03
+97.100E-06,+779.609948E-03,+779.940554E-03
+97.200E-06,+783.047911E-03,+777.625577E-03
+97.300E-06,+784.071589E-03,+775.985637E-03
+97.400E-06,+785.908938E-03,+774.670036E-03
+97.500E-06,+787.742718E-03,+772.394414E-03
+97.600E-06,+790.514993E-03,+770.374168E-03
+97.700E-06,+791.981590E-03,+765.972419E-03
+97.800E-06,+793.156692E-03,+764.726317E-03
+97.900E-06,+794.073416E-03,+761.877451E-03
+98.000E-06,+795.443290E-03,+759.573671E-03
+98.100E-06,+797.504849E-03,+757.583341E-03
+98.200E-06,+801.025867E-03,+756.016873E-03
+98.300E-06,+803.364213E-03,+754.612970E-03
+98.400E-06,+804.081961E-03,+751.391943E-03
+98.500E-06,+807.003587E-03,+749.426751E-03
+98.600E-06,+809.132961E-03,+747.648625E-03
+98.700E-06,+811.108045E-03,+744.505335E-03
+98.800E-06,+812.468316E-03,+743.939766E-03
+98.900E-06,+813.735300E-03,+741.054626E-03
+99.000E-06,+816.060251E-03,+738.106648E-03
+99.100E-06,+818.423895E-03,+736.158128E-03
+99.200E-06,+819.418582E-03,+733.665690E-03
+99.300E-06,+823.656302E-03,+732.922258E-03
+99.400E-06,+824.777728E-03,+729.899076E-03
+99.500E-06,+826.909938E-03,+725.844759E-03
+99.600E-06,+829.466277E-03,+724.663112E-03
+99.700E-06,+830.318881E-03,+721.992870E-03
+99.800E-06,+832.320977E-03,+720.696901E-03
+99.900E-06,+833.236828E-03,+718.241963E-03
